Area ID,Head segment ID,FRC of head segment,Count seg whip,Head pen rate,Head Ticon ADT,Head avg daily RSS,Avg whip pen rate,Std dev whip seg pen rate,Relat range,Month,Outliers
1238,16992389,1,2,0.068,31855,2171.75,0.108,0.056,0.736,22-2,0
1238,-1171083844,1,1,0.191,14092,2698.5,0.191,0,0,22-2,0
1238,125335652,1,1,0.101,44416,4499.393,0.101,0,0,22-2,0
1238,-16992391,1,3,0.103,22003,2274.786,0.142,0.057,0.737,22-2,0
1238,1171086908,1,2,1.6,1862,2979.75,1.488,0.159,0.151,22-2,0
1287,-1231876948,1,5,1.676,490,821.214,1.745,0.098,0.13,22-2,0
1287,1262671919,1,6,0.032,4606,147.714,0.025,0.006,0.709,22-2,0
1287,43014377,1,5,0.064,14481,921.464,0.06,0.009,0.423,22-2,0
1287,1215155884,1,3,0.087,12258,1068.071,0.088,0.005,0.108,22-2,0
1287,909430617,1,7,0.073,18494,1350.536,0.059,0.012,0.519,22-2,0
1287,-1215156205,1,7,0.089,12439,1104.464,0.078,0.013,0.421,22-2,0
1469,-1128444525,1,1,0.088,76619,6707.429,0.088,0,0,22-2,0
1469,-1128444530,1,2,0.086,71765,6203.357,0.083,0.005,0.093,22-2,0
1469,1128444249,1,2,0.052,124923,6554.607,0.052,0.001,0.015,22-2,0
1469,119978696,1,2,0.059,131935,7745.893,0.055,0.005,0.139,22-2,0
1652,-722322112,1,1,0.207,11313,2340.643,0.207,0,0,22-2,0
1652,19436956,1,2,0.321,7582,2432.893,0.306,0.021,0.099,22-2,0
564,-1228817885,1,2,0.159,13357,2119.857,0.161,0.004,0.034,22-2,0
564,18869501,1,1,0.124,19921,2462.286,0.124,0,0,22-2,0
564,-907428782,1,4,0.329,13214,4352.143,0.192,0.092,0.999,22-2,0
564,907428779,1,4,0.083,25047,2081.036,0.096,0.045,0.971,22-2,0
1657,-1128298955,1,1,0.34,8706,2956.107,0.34,0,0,22-2,0
1657,19436702,1,2,0.117,22640,2644.536,0.155,0.054,0.493,22-2,0
1657,-19436707,1,5,0.267,11064,2953.786,0.276,0.018,0.163,22-2,0
1657,19436695,1,3,0.141,20197,2854.786,0.146,0.013,0.166,22-2,0
1644,1209148295,1,4,0.195,5562,1086.464,0.225,0.035,0.302,22-2,0
1644,-1232873730,1,5,0.194,6508,1259.786,0.178,0.01,0.145,22-2,0
1644,1127089607,1,3,0.343,3167,1085.071,0.357,0.022,0.11,22-2,0
1644,-1209148383,1,4,0.116,10052,1167,0.126,0.023,0.428,22-2,0
1666,-23369340,1,1,0.526,14498,7621.643,0.526,0,0,22-2,0
1666,1169389460,1,1,0.493,17372,8566.321,0.493,0,0,22-2,0
1666,23369296,1,1,0.664,11021,7323,0.664,0,0,22-2,0
1666,-1169390100,1,3,0.501,17518,8773.321,0.301,0.173,1.004,22-2,0
1703,-859453482000,1,1,0.192,22896,4392.143,0.192,0,0,22-2,0
1703,-854764073000,1,3,0.079,55474,4407.964,0.118,0.05,0.805,22-2,0
1703,859453480000,1,1,0.095,47012,4466.75,0.095,0,0,22-2,0
1703,1161737752000,1,5,0.153,58863,9021.536,0.094,0.034,0.871,22-2,0
1768,-125430400,1,1,0.293,13562,3977.714,0.293,0,0,22-2,0
1768,1283211085,1,1,0.46,6022,2772.429,0.46,0,0,22-2,0
1768,-125430412,1,1,0.256,15451,3948,0.256,0,0,22-2,0
1768,125430402,1,1,0.571,6578,3755.429,0.571,0,0,22-2,0
1715,119052255,1,1,0.239,27499,6567.893,0.239,0,0,22-2,0
1715,-1268540891,1,1,0.165,25509,4202.321,0.165,0,0,22-2,0
1715,-1268540892,1,1,0.232,27942,6488.286,0.232,0,0,22-2,0
1715,1243920800,1,2,0.174,20377,3555.571,0.166,0.013,0.107,22-2,0
1726,-855359206000,1,1,0.054,80926,4404.607,0.054,0,0,22-2,0
1726,-1222493122000,1,5,0.125,65534,8184,0.075,0.03,0.954,22-2,0
1726,1196096622000,1,2,0.135,27912,3771.464,0.13,0.007,0.072,22-2,0
1726,1199461770000,1,3,7.966,531,4229.75,7.826,1.432,0.365,22-2,0
1726,109015284000,1,5,0.069,56875,3903.929,0.088,0.029,0.794,22-2,0
1726,-109015279000,1,5,1.602,2377,3808.214,1.707,0.229,0.301,22-2,0
1232,1163030329,1,4,0.115,52122,5977.143,0.099,0.014,0.338,22-2,0
1232,-1163031204,1,4,0.079,56433,4483.571,0.09,0.016,0.391,22-2,0
998,-19435182,1,2,0.772,2684,2071.857,0.893,0.172,0.272,22-2,0
998,-1124317711,1,1,0.993,1548,1536.714,0.993,0,0,22-2,0
998,1202690552,1,2,0.913,1875,1711.071,1.127,0.303,0.38,22-2,0
998,1124317715,1,4,0.646,2334,1507.214,0.923,0.411,0.962,22-2,0
1005,1283597852,1,4,1.934,809,1564.857,1.892,0.32,0.413,22-2,0
1005,-1283598869,1,6,0.974,1631,1588.071,0.82,0.085,0.289,22-2,0
1046,-1129038594,1,8,0.275,10996,3028.5,0.346,0.114,1.012,22-2,0
1046,1232958909,1,6,0.366,7211,2640.107,0.429,0.097,0.568,22-2,0
1054,43029269,1,1,1.8,3079,5541.071,1.8,0,0,22-2,0
1054,-43029274,1,1,0.647,8245,5335.679,0.647,0,0,22-2,0
1081,109011093,1,2,2.66,1250,3325.286,3.711,1.487,0.566,22-2,0
1081,1223212818,1,4,4.379,1150,5036,4.012,0.883,0.476,22-2,0
1238,-1171083844,1,1,0.351,8698,3050.935,0.351,0,0,22-3,0
1238,16992389,1,2,0.104,25115,2611.29,0.165,0.087,0.743,22-3,0
1238,125335652,1,1,0.503,10787,5428.419,0.503,0,0,22-3,0
1238,-16992391,1,3,0.167,15368,2560.194,0.231,0.093,0.743,22-3,0
1287,-1231876948,1,5,1.045,885,925.194,1.094,0.068,0.143,22-3,0
1287,1262671919,1,6,0.019,8416,163.484,0.014,0.004,0.767,22-3,0
1287,1215155884,1,3,0.116,10081,1172.258,0.117,0.006,0.104,22-3,0
1287,43014377,1,5,0.075,13533,1015.161,0.071,0.011,0.408,22-3,0
1287,909430617,1,7,0.095,15224,1447.032,0.077,0.016,0.49,22-3,0
1287,-1215156205,1,7,0.172,7525,1297.968,0.148,0.026,0.43,22-3,0
1469,-1128444525,1,1,0.093,71039,6593.742,0.093,0,0,22-3,0
1469,-1128444530,1,2,0.089,68549,6074.161,0.085,0.006,0.094,22-3,0
1469,1128444249,1,2,0.054,120191,6483.516,0.053,0.001,0.018,22-3,0
1469,119978696,1,2,0.062,122957,7679.323,0.058,0.006,0.137,22-3,0
1652,-722322112,1,1,0.145,17298,2500.29,0.145,0,0,22-3,0
1652,19436956,1,2,0.21,12653,2654.097,0.2,0.014,0.1,22-3,0
564,-1228817885,1,2,0.136,16197,2202.452,0.138,0.003,0.035,22-3,0
564,18869501,1,1,0.121,20973,2535.161,0.121,0,0,22-3,0
564,-907428782,1,4,0.22,20601,4533.839,0.128,0.061,0.995,22-3,0
564,907428779,1,4,0.084,25542,2156.258,0.098,0.046,0.975,22-3,0
1657,-1128298955,1,1,0.107,28232,3030.161,0.107,0,0,22-3,0
1657,19436702,1,2,0.1,27393,2733.387,0.133,0.047,0.499,22-3,0
1657,-19436707,1,5,0.173,17632,3049.806,0.178,0.012,0.17,22-3,0
1657,19436695,1,3,0.129,22984,2963.677,0.134,0.012,0.173,22-3,0
1644,1209148295,1,4,0.095,11910,1126.71,0.109,0.018,0.312,22-3,0
1644,1127089607,1,3,0.095,11948,1133.903,0.099,0.006,0.11,22-3,0
1644,-1232873730,1,5,0.067,19501,1313.516,0.062,0.003,0.144,22-3,0
1644,-1209148383,1,4,0.076,15907,1211.774,0.083,0.015,0.43,22-3,0
1666,-115725155,1,1,7.322,1814,13281.677,7.322,0,0,22-3,0
1666,-23369340,1,1,0.321,34272,10986.613,0.321,0,0,22-3,0
1666,1169389460,1,1,1.232,9400,11581.484,1.232,0,0,22-3,0
1666,23369296,1,1,1.544,6455,9966.323,1.544,0,0,22-3,0
1666,-1169390100,1,3,0.308,40538,12479.935,0.185,0.107,1.011,22-3,0
1703,-859453482000,1,1,0.474,11415,5410,0.474,0,0,22-3,0
1703,859453480000,1,1,0.179,30046,5384.032,0.179,0,0,22-3,0
1703,-854764073000,1,3,0.085,63195,5371.871,0.125,0.052,0.792,22-3,0
1703,1161737752000,1,5,0.182,58944,10719.935,0.112,0.04,0.877,22-3,0
1768,-125430400,1,1,0.304,13702,4165.839,0.304,0,0,22-3,0
1768,1283211085,1,1,0.181,16664,3021.419,0.181,0,0,22-3,0
1768,-125430412,1,1,0.322,12907,4153.194,0.322,0,0,22-3,0
1768,125430402,1,1,0.141,29226,4125.097,0.141,0,0,22-3,0
1715,119052255,1,1,0.322,26062,8395.581,0.322,0,0,22-3,0
1715,-1268540892,1,1,0.581,14922,8669.097,0.581,0,0,22-3,0
1715,-1268540891,1,1,0.258,21875,5652.677,0.258,0,0,22-3,0
1715,1243920800,1,2,0.144,31062,4487.806,0.137,0.01,0.107,22-3,0
1726,-855359206000,1,1,0.376,17914,6732.806,0.376,0,0,22-3,0
1726,1196096622000,1,2,0.158,32892,5196.065,0.153,0.007,0.065,22-3,0
1726,-1222493122000,1,5,0.209,60035,12527.484,0.125,0.049,0.953,22-3,0
1726,1199461770000,1,3,8.788,676,5940.387,8.621,1.619,0.374,22-3,0
1726,-109015279000,1,5,2.509,2346,5887.097,2.693,0.372,0.31,22-3,0
1726,109015284000,1,5,0.128,42304,5424.452,0.163,0.054,0.798,22-3,0
1232,1163030329,1,4,0.093,71162,6588.097,0.08,0.012,0.342,22-3,0
1232,-1163031204,1,4,0.069,70271,4819.774,0.078,0.014,0.394,22-3,0
1046,1232958909,1,6,0.184,13160,2423.774,0.215,0.048,0.562,22-3,0
1046,-1129038594,1,8,0.09,30815,2785.387,0.114,0.038,1.021,22-3,0
1054,43029269,1,1,1.099,5456,5998.065,1.099,0,0,22-3,0
1054,-43029274,1,1,0.966,5904,5702.935,0.966,0,0,22-3,0
1081,-1223212599,1,3,3.356,2271,7620.419,2.776,0.718,0.498,22-3,0
1081,-846943269,1,5,4.263,1699,7243.129,3.151,0.796,0.574,22-3,0
1238,-1171083844,1,1,0.173,26129,4526.333,0.173,0,0,22-4,0
1238,16992389,1,2,0.284,13521,3837.567,0.452,0.238,0.744,22-4,0
1238,125335652,1,1,0.296,27075,8018.633,0.296,0,0,22-4,0
1238,-16992391,1,3,0.135,28091,3801.333,0.188,0.079,0.761,22-4,0
1238,1171086908,1,2,3.824,1323,5059.433,3.581,0.345,0.136,22-4,0
1287,-1231876948,1,5,1.263,797,1006.9,1.314,0.081,0.149,22-4,0
1287,1262671919,1,6,0.038,5720,216.533,0.03,0.007,0.676,22-4,0
1287,43014377,1,5,0.066,17882,1179.967,0.062,0.01,0.418,22-4,0
1287,1215155884,1,3,0.095,13723,1306.8,0.097,0.006,0.114,22-4,0
1287,909430617,1,7,0.096,17060,1640.933,0.078,0.016,0.518,22-4,0
1287,-1215156205,1,7,0.097,14370,1390.7,0.083,0.014,0.431,22-4,0
1469,-1128444525,1,1,0.1,75167,7519.667,0.1,0,0,22-4,0
1469,-1128444530,1,2,0.091,76631,6980.033,0.087,0.006,0.097,22-4,0
1469,1128444249,1,2,0.057,129903,7344.167,0.056,0.001,0.018,22-4,0
1469,119978696,1,2,0.061,143360,8681.9,0.057,0.006,0.138,22-4,0
1652,-722322112,1,1,0.178,16707,2981.3,0.178,0,0,22-4,0
1652,19436956,1,2,0.295,10778,3184.467,0.281,0.02,0.102,22-4,0
564,-1228817885,1,2,0.269,8934,2405,0.274,0.007,0.035,22-4,0
564,18869501,1,1,0.103,26341,2725.733,0.103,0,0,22-4,0
564,907428779,1,4,0.07,33588,2348.6,0.081,0.037,0.972,22-4,0
564,-907428782,1,4,0.464,10600,4914.433,0.271,0.129,0.99,22-4,0
1657,-1128298955,1,1,0.232,14536,3370.267,0.232,0,0,22-4,0
1657,19436702,1,2,0.09,33689,3024.933,0.12,0.042,0.5,22-4,0
1657,19436695,1,3,0.109,29899,3264.5,0.113,0.011,0.18,22-4,0
1657,-19436707,1,5,0.283,12006,3395.133,0.292,0.019,0.168,22-4,0
1644,1209148295,1,4,0.111,13424,1488.333,0.129,0.021,0.309,22-4,0
1644,-1232873730,1,5,0.127,12814,1633.1,0.117,0.006,0.14,22-4,0
1644,1127089607,1,3,0.115,12958,1486.233,0.119,0.007,0.111,22-4,0
1644,-1209148383,1,4,0.152,10041,1527.267,0.166,0.031,0.436,22-4,0
1666,-23369340,1,1,0.531,17883,9487.633,0.531,0,0,22-4,0
1666,1169389460,1,1,0.887,13384,11866.4,0.887,0,0,22-4,0
1666,23369296,1,1,0.728,14108,10266.133,0.728,0,0,22-4,0
1666,-1169390100,1,3,0.44,24565,10814.1,0.264,0.153,1.013,22-4,0
1703,-859453482000,1,1,0.279,18191,5073.467,0.279,0,0,22-4,0
1703,859453480000,1,1,0.163,33195,5408.433,0.163,0,0,22-4,0
1703,-854764073000,1,3,0.077,66199,5077.6,0.114,0.048,0.801,22-4,0
1703,1161737752000,1,5,0.125,86275,10783.667,0.077,0.028,0.88,22-4,0
1768,-125430400,1,1,0.34,14907,5069.433,0.34,0,0,22-4,0
1768,1283211085,1,1,0.099,37579,3715.267,0.099,0,0,22-4,0
1768,-125430412,1,1,0.173,29144,5045,0.173,0,0,22-4,0
1768,125430402,1,1,0.288,17586,5056.8,0.288,0,0,22-4,0
1715,119052255,1,1,0.347,26753,9286.1,0.347,0,0,22-4,0
1715,-1268540891,1,1,0.217,24664,5340.267,0.217,0,0,22-4,0
1715,-1268540892,1,1,0.287,28540,8195.9,0.287,0,0,22-4,0
1715,1243920800,1,2,0.246,20186,4974.667,0.234,0.018,0.11,22-4,0
1726,-855359206000,1,1,0.34,17194,5841.7,0.34,0,0,22-4,0
1726,1196096622000,1,2,0.186,32190,5997.633,0.181,0.008,0.064,22-4,0
1726,-1222493122000,1,5,0.254,43170,10986.2,0.152,0.061,0.966,22-4,0
1726,-109015279000,1,5,3.936,1295,5097.467,4.214,0.588,0.315,22-4,0
1726,109015284000,1,5,0.14,44853,6270.333,0.177,0.059,0.796,22-4,0
1813,1171013699,1,1,0.168,21270,3573.1,0.168,0,0,22-4,0
1813,-16990691,1,3,0.161,20292,3261.7,0.211,0.054,0.512,22-4,0
1813,-867315011,1,1,0.173,22639,3915.8,0.173,0,0,22-4,0
1813,1171055412,1,4,0.384,24269,9316,0.212,0.115,1.107,22-4,0
1840,-1122786024,1,2,0.518,10708,5545.633,0.368,0.213,0.818,22-4,0
1840,945796966,1,2,0.283,9122,2578.8,0.451,0.238,0.747,22-4,0
1840,-19437854,1,2,0.187,12486,2330.933,0.314,0.181,0.813,22-4,0
1840,1125627821,1,3,0.36,15253,5493.867,0.214,0.126,1.037,22-4,0
1844,-1123874504000,1,2,0.31,5727,1776.767,0.476,0.234,0.696,22-4,0
1844,-125432940000,1,3,0.338,9422,3182.533,0.219,0.103,0.827,22-4,0
1844,1123867857000,1,5,0.363,3813,1384.433,0.462,0.146,0.761,22-4,0
1844,1123876184000,1,3,0.696,6969,4848.833,0.379,0.274,1.26,22-4,0
1845,1152718934000,1,3,0.317,6848,2173.933,0.303,0.014,0.091,22-4,0
1845,1152718952000,1,1,0.3,5398,1617.367,0.3,0,0,22-4,0
1845,-1126019401000,1,3,0.16,8771,1404.867,0.161,0.002,0.025,22-4,0
1845,-110492041000,1,3,0.249,8797,2191.8,0.243,0.014,0.103,22-4,0
1843,958022448000,1,2,0.421,16434,6914.733,0.319,0.143,0.634,22-4,0
1843,-1203530071000,1,3,0.871,8773,7643.733,0.556,0.273,0.862,22-4,0
1843,1126001768000,1,4,0.22,19253,4230.733,0.295,0.149,1.105,22-4,0
1843,-1125994266000,1,3,0.245,13275,3248.533,0.385,0.131,0.673,22-4,0
1232,1163030329,1,4,0.098,75087,7391.833,0.085,0.013,0.346,22-4,0
1232,-1163031204,1,4,0.066,82375,5449.133,0.075,0.014,0.396,22-4,0
1081,109011093,1,2,9.201,592,5447.1,12.883,5.206,0.572,22-4,0
1238,-1171083844,1,1,0.648,4879,3162.419,0.648,0,0,22-5,0
1238,125335652,1,1,0.487,12099,5893.032,0.487,0,0,22-5,0
1238,16992389,1,2,0.236,12012,2833.097,0.375,0.197,0.743,22-5,0
1238,-16992391,1,3,0.362,7304,2647.419,0.502,0.205,0.748,22-5,0
1238,1171086908,1,2,7.386,515,3803.774,6.885,0.708,0.145,22-5,0
1287,-1231876948,1,5,2.101,470,987.613,2.196,0.134,0.143,22-5,0
1287,1262671919,1,6,0.06,3246,194.484,0.047,0.012,0.679,22-5,0
1287,1215155884,1,3,0.095,13744,1306.355,0.097,0.005,0.11,22-5,0
1287,43014377,1,5,0.064,17903,1141.516,0.06,0.009,0.411,22-5,0
1287,909430617,1,7,0.09,18509,1657.935,0.072,0.016,0.532,22-5,0
1287,-1215156205,1,7,0.148,9215,1364,0.13,0.022,0.438,22-5,0
1936,1128029472,1,3,0.099,22052,2184.935,0.175,0.102,1.098,22-5,0
1936,-1128033747,1,3,0.1,25729,2574.806,0.096,0.004,0.078,22-5,0
1469,-1128444525,1,1,0.086,86988,7441.355,0.086,0,0,22-5,0
1469,-1128444530,1,2,0.089,77814,6917.71,0.085,0.006,0.097,22-5,0
1469,1128444249,1,2,0.057,133668,7585.129,0.056,0.001,0.02,22-5,0
1469,119978696,1,2,0.061,147430,8982.419,0.057,0.006,0.137,22-5,0
1652,-722322112,1,1,0.176,15904,2797.355,0.176,0,0,22-5,0
1652,19436956,1,2,0.172,17803,3063.71,0.164,0.012,0.103,22-5,0
564,-1228817885,1,2,0.2,12477,2496.774,0.204,0.005,0.036,22-5,0
564,18869501,1,1,0.128,22180,2829.226,0.128,0,0,22-5,0
564,-907428782,1,4,0.308,16622,5121.516,0.18,0.086,0.999,22-5,0
564,907428779,1,4,0.104,23339,2424.387,0.12,0.056,0.977,22-5,0
1657,-1128298955,1,1,0.222,14991,3333,0.222,0,0,22-5,0
1657,19436702,1,2,0.097,30724,2969.548,0.129,0.046,0.503,22-5,0
1657,19436695,1,3,0.122,26589,3241.387,0.126,0.012,0.177,22-5,0
1657,-19436707,1,5,0.173,19416,3368.226,0.18,0.012,0.167,22-5,0
1644,1209148295,1,4,0.204,6835,1395.323,0.237,0.039,0.316,22-5,0
1644,1127089607,1,3,0.138,10164,1402.032,0.144,0.009,0.117,22-5,0
1644,-1209148383,1,4,0.098,14164,1395.032,0.108,0.021,0.451,22-5,0
1644,-1232873730,1,5,0.107,14060,1501.581,0.098,0.005,0.141,22-5,0
1666,-115725155,1,1,7.818,1454,11367.806,7.818,0,0,22-5,0
1666,-23369340,1,1,0.285,32946,9396.613,0.285,0,0,22-5,0
1666,1169389460,1,1,0.561,18610,10439.516,0.561,0,0,22-5,0
1666,23369296,1,1,0.656,13737,9007.839,0.656,0,0,22-5,0
1666,-1169390100,1,3,0.34,31444,10684.581,0.202,0.12,1.037,22-5,0
1703,-859453482000,1,1,0.183,24712,4513.129,0.183,0,0,22-5,0
1703,-854764073000,1,3,0.105,42955,4520.839,0.156,0.065,0.797,22-5,0
1703,859453480000,1,1,0.106,42441,4503.806,0.106,0,0,22-5,0
1703,1161737752000,1,5,0.188,48481,9112.129,0.115,0.042,0.879,22-5,0
1768,-125430400,1,1,0.392,11747,4604.613,0.392,0,0,22-5,0
1768,1283211085,1,1,0.353,9912,3501,0.353,0,0,22-5,0
1768,-125430412,1,1,0.397,11547,4582.516,0.397,0,0,22-5,0
1768,125430402,1,1,0.296,16232,4799.742,0.296,0,0,22-5,0
1715,119052255,1,1,0.273,26555,7253.548,0.273,0,0,22-5,0
1715,-1268540891,1,1,0.267,17795,4748.387,0.267,0,0,22-5,0
1715,-1268540892,1,1,0.3,24206,7268.161,0.3,0,0,22-5,0
1715,1243920800,1,2,0.123,31206,3853.161,0.117,0.009,0.114,22-5,0
1726,-855359206000,1,1,0.21,25377,5327.645,0.21,0,0,22-5,0
1726,1196096622000,1,2,0.125,35978,4483.677,0.12,0.006,0.073,22-5,0
1726,-1222493122000,1,5,0.372,27010,10059.871,0.222,0.089,0.968,22-5,0
1726,1199461770000,1,3,8.34,608,5070.419,8.199,1.549,0.377,22-5,0
1726,109015284000,1,5,0.113,41172,4667.323,0.146,0.049,0.816,22-5,0
1726,-109015279000,1,5,6.303,738,4651.968,6.731,0.927,0.311,22-5,0
1813,1171013699,1,1,0.147,17806,2622.097,0.147,0,0,22-5,0
1813,-16990691,1,3,0.111,20247,2248.097,0.148,0.04,0.536,22-5,0
1813,-867315011,1,1,0.14,19590,2744.355,0.14,0,0,22-5,0
1813,1171055412,1,4,0.313,22473,7042.29,0.172,0.094,1.121,22-5,0
1840,-1122786024,1,2,0.204,26542,5401.774,0.145,0.083,0.815,22-5,0
1840,-19437854,1,2,0.097,23272,2265.581,0.165,0.095,0.818,22-5,0
1840,945796966,1,2,0.29,9257,2682.484,0.462,0.243,0.745,22-5,0
1840,1125627821,1,3,0.231,24903,5755.516,0.137,0.081,1.045,22-5,0
1844,-1123874504000,1,2,0.293,6389,1872.226,0.449,0.22,0.694,22-5,0
1844,-125432940000,1,3,0.573,5783,3315.935,0.372,0.175,0.829,22-5,0
1844,1123876184000,1,3,0.758,6282,4764.581,0.413,0.299,1.264,22-5,0
1844,1123867857000,1,5,0.087,15589,1362.968,0.111,0.036,0.767,22-5,0
1845,1152718952000,1,1,0.525,2892,1519.548,0.525,0,0,22-5,0
1845,1152718934000,1,3,0.503,4034,2030.387,0.48,0.022,0.09,22-5,0
1845,-1126019401000,1,3,0.04,36093,1460.194,0.041,0.001,0.027,22-5,0
1845,-110492041000,1,3,0.133,17089,2265.387,0.129,0.007,0.102,22-5,0
1843,958022448000,1,2,0.211,30886,6506.839,0.16,0.072,0.633,22-5,0
1843,1126001768000,1,4,0.148,26732,3963.516,0.199,0.1,1.097,22-5,0
1843,-1125994266000,1,3,0.167,20004,3334.903,0.264,0.09,0.676,22-5,0
1843,-1203530071000,1,3,0.368,21196,7798.774,0.236,0.115,0.854,22-5,0
1232,1163030329,1,4,0.095,78057,7395.548,0.082,0.012,0.347,22-5,0
1232,-1163031204,1,4,0.081,69199,5578.323,0.092,0.017,0.401,22-5,0
1238,-1171083844,1,1,0.265,16278,4314.1,0.265,0,0,22-6,0
1238,125335652,1,1,0.683,10161,6943.967,0.683,0,0,22-6,0
1238,16992389,1,2,0.311,10675,3322.033,0.496,0.261,0.745,22-6,0
1238,-16992391,1,3,0.241,15006,3610.933,0.335,0.139,0.758,22-6,0
1238,1171086908,1,2,6.734,656,4417.633,6.306,0.606,0.136,22-6,0
1287,-1231876948,1,5,1.569,693,1087.033,1.632,0.099,0.143,22-6,0
1287,1262671919,1,6,0.044,4753,211.467,0.035,0.009,0.669,22-6,0
1287,1215155884,1,3,0.093,15260,1424.7,0.095,0.006,0.115,22-6,0
1287,909430617,1,7,0.095,19063,1812.867,0.077,0.017,0.546,22-6,0
1287,43014377,1,5,0.065,19923,1287.833,0.06,0.009,0.409,22-6,0
1287,-1215156205,1,7,0.084,18031,1510.3,0.072,0.013,0.438,22-6,0
1936,1128029472,1,3,0.211,11803,2494.9,0.374,0.219,1.101,22-6,0
1936,-1128033747,1,3,0.222,13145,2924.4,0.211,0.01,0.084,22-6,0
1469,-1128444525,1,1,0.085,95592,8111.9,0.085,0,0,22-6,0
1469,1128444249,1,2,0.059,135359,8035.833,0.059,0.001,0.019,22-6,0
1469,-1128444530,1,2,0.084,90321,7554.333,0.08,0.006,0.098,22-6,0
1469,119978696,1,2,0.066,143347,9484.467,0.062,0.006,0.14,22-6,0
1968,1189452789,1,3,0.195,30305,5897.233,0.27,0.152,1.013,22-6,0
1968,-117266476,1,4,0.396,34985,13841.567,0.245,0.111,1.011,22-6,0
1652,-722322112,1,1,0.098,32883,3225.333,0.098,0,0,22-6,0
1652,19436956,1,2,0.071,46736,3334.967,0.068,0.005,0.106,22-6,0
564,-1228817885,1,2,0.056,47484,2676.133,0.058,0.002,0.04,22-6,0
564,18869501,1,1,0.136,22474,3064.7,0.136,0,0,22-6,0
564,-907428782,1,4,0.12,45949,5515.167,0.07,0.033,0.99,22-6,0
564,907428779,1,4,0.094,28259,2661.5,0.109,0.05,0.971,22-6,0
1657,-1128298955,1,1,0.16,22559,3618,0.16,0,0,22-6,0
1657,19436702,1,2,0.124,26184,3246.367,0.166,0.059,0.505,22-6,0
1657,-19436707,1,5,0.171,21376,3652.9,0.176,0.012,0.17,22-6,0
1657,19436695,1,3,0.158,22302,3516.7,0.164,0.015,0.178,22-6,0
1644,-1232873730,1,5,0.162,10934,1773.6,0.149,0.008,0.147,22-6,0
1644,1209148295,1,4,0.162,10024,1625.433,0.188,0.031,0.316,22-6,0
1644,1127089607,1,3,0.127,12791,1625.367,0.133,0.009,0.12,22-6,0
1644,-1209148383,1,4,0.179,9199,1642.067,0.196,0.038,0.455,22-6,0
1666,-115725155,1,1,4.511,3037,13698.8,4.511,0,0,22-6,0
1666,-23369340,1,1,0.243,46280,11253.6,0.243,0,0,22-6,0
1666,1169389460,1,1,0.754,17042,12845.8,0.754,0,0,22-6,0
1666,23369296,1,1,0.263,42435,11143.833,0.263,0,0,22-6,0
1666,-1169390100,1,3,0.286,44694,12763.167,0.169,0.101,1.047,22-6,0
1703,-859453482000,1,1,0.283,17358,4904.433,0.283,0,0,22-6,0
1703,859453480000,1,1,0.272,18347,4992.467,0.272,0,0,22-6,0
1703,-854764073000,1,3,3.556,1336,4751.233,5.184,2.123,0.777,22-6,0
1703,1161737752000,1,5,1.927,5014,9662.1,1.187,0.425,0.871,22-6,0
1768,-125430400,1,1,0.296,17665,5231,0.296,0,0,22-6,0
1768,1283211085,1,1,0.314,12086,3789.3,0.314,0,0,22-6,0
1768,-125430412,1,1,0.304,17155,5208.267,0.304,0,0,22-6,0
1768,125430402,1,1,0.274,18958,5188.933,0.274,0,0,22-6,0
1715,119052255,1,1,0.469,20109,9425.5,0.469,0,0,22-6,0
1715,-1268540891,1,1,0.325,18694,6069.7,0.325,0,0,22-6,0
1715,-1268540892,1,1,0.436,21337,9298.933,0.436,0,0,22-6,0
1715,1243920800,1,2,0.216,22748,4912.567,0.206,0.015,0.101,22-6,0
1726,-855359206000,1,1,0.758,9649,7315.933,0.758,0,0,22-6,0
1726,1196096622000,1,2,0.284,22702,6453.1,0.275,0.013,0.066,22-6,0
1726,-1222493122000,1,5,1.974,6967,13755,1.177,0.47,0.965,22-6,0
1726,109015284000,1,5,3.403,1972,6711.5,4.33,1.446,0.803,22-6,0
1813,1171013699,1,1,0.182,16579,3022.2,0.182,0,0,22-6,0
1813,-16990691,1,3,0.363,8275,3007.567,0.48,0.125,0.52,22-6,0
1813,-867315011,1,1,0.18,20456,3680.833,0.18,0,0,22-6,0
1813,1171055412,1,4,0.81,9781,7919.067,0.449,0.241,1.099,22-6,0
1840,-1122786024,1,2,0.551,11380,6271.8,0.391,0.227,0.82,22-6,0
1840,-19437854,1,2,0.355,7363,2617.333,0.598,0.343,0.811,22-6,0
1840,945796966,1,2,0.221,13341,2944.4,0.353,0.188,0.751,22-6,0
1840,1125627821,1,3,0.736,8516,6271.767,0.438,0.259,1.04,22-6,0
1844,-1123874504000,1,2,0.251,8232,2069.7,0.386,0.191,0.698,22-6,0
1844,-125432940000,1,3,0.268,13688,3666.133,0.174,0.081,0.822,22-6,0
1844,1123876184000,1,3,0.651,8488,5528.9,0.357,0.255,1.252,22-6,0
1844,1123867857000,1,5,0.126,12829,1611.4,0.159,0.05,0.76,22-6,0
1845,1152718952000,1,1,0.277,5844,1615.867,0.277,0,0,22-6,0
1845,1152718934000,1,3,0.601,3612,2171.3,0.575,0.025,0.086,22-6,0
1845,-1126019401000,1,3,0.133,10632,1416.167,0.133,0.002,0.026,22-6,0
1845,-110492041000,1,3,0.174,12590,2187.333,0.169,0.01,0.103,22-6,0
1843,958022448000,1,2,0.341,21396,7287.533,0.259,0.116,0.634,22-6,0
1843,1126001768000,1,4,0.154,29032,4464.767,0.206,0.104,1.103,22-6,0
1843,-1203530071000,1,3,0.683,11778,8048.8,0.436,0.214,0.86,22-6,0
1843,-1125994266000,1,3,0.2,17272,3460.467,0.315,0.107,0.672,22-6,0
1232,-1163031204,1,4,0.065,87310,5682.867,0.074,0.014,0.399,22-6,0
1232,1163030329,1,4,0.089,85939,7616.567,0.076,0.011,0.35,22-6,0
1238,-1171083844,1,1,0.369,13223,4875.806,0.369,0,0,22-7,0
1238,16992389,1,2,0.287,13692,3923.645,0.457,0.241,0.746,22-7,0
1238,125335652,1,1,0.608,13524,8218.452,0.608,0,0,22-7,0
1238,-16992391,1,3,0.202,20269,4094,0.281,0.118,0.763,22-7,0
1238,1171086908,1,2,9.234,556,5133.968,8.658,0.814,0.133,22-7,0
1287,1262671919,1,6,0.053,3938,210.032,0.041,0.01,0.723,22-7,0
1287,-1231876948,1,5,1.4,763,1068.129,1.463,0.089,0.142,22-7,0
1287,43014377,1,5,0.072,17903,1295.419,0.068,0.01,0.411,22-7,0
1287,909430617,1,7,0.096,18218,1751.968,0.078,0.017,0.542,22-7,0
1287,1215155884,1,3,0.103,13268,1370.935,0.105,0.006,0.11,22-7,0
1287,-1215156205,1,7,0.09,16461,1475.258,0.078,0.014,0.448,22-7,0
1936,1128029472,1,3,0.144,16862,2420,0.253,0.148,1.098,22-7,0
1936,-1128033747,1,3,0.208,13532,2815.742,0.198,0.009,0.087,22-7,0
1469,-1128444525,1,1,0.072,117695,8523.871,0.072,0,0,22-7,0
1469,-1128444530,1,2,0.065,123264,7968.355,0.062,0.004,0.098,22-7,0
1469,1128444249,1,2,0.128,66053,8440.258,0.127,0.002,0.019,22-7,0
1469,119978696,1,2,0.142,69645,9914.161,0.133,0.013,0.135,22-7,0
1968,1189452789,1,3,0.11,59104,6492.548,0.153,0.086,1.021,22-7,0
1968,-117266476,1,4,0.196,79756,15649.516,0.121,0.055,1.023,22-7,0
1652,-722322112,1,1,0.119,28746,3410.258,0.119,0,0,22-7,0
1652,19436956,1,2,0.111,31163,3452.871,0.106,0.007,0.1,22-7,0
564,-1228817885,1,2,0.088,28185,2478.161,0.089,0.002,0.031,22-7,0
564,18869501,1,1,0.093,30914,2869.355,0.093,0,0,22-7,0
564,-907428782,1,4,0.361,14148,5100.387,0.211,0.1,0.996,22-7,0
564,907428779,1,4,0.093,26529,2471.742,0.108,0.05,0.977,22-7,0
1657,-1128298955,1,1,0.213,16376,3491.581,0.213,0,0,22-7,0
1657,19436702,1,2,0.204,15197,3103,0.273,0.097,0.503,22-7,0
1657,19436695,1,3,0.258,13033,3358.903,0.268,0.025,0.179,22-7,0
1657,-19436707,1,5,0.163,21591,3518.548,0.169,0.011,0.169,22-7,0
2017,-1223982307,1,1,0.252,48366,12191.032,0.252,0,0,22-7,0
2017,1277959105,1,1,1.316,6884,9060.419,1.316,0,0,22-7,0
1644,1209148295,1,4,0.185,9565,1766.581,0.215,0.036,0.317,22-7,0
1644,-1232873730,1,5,0.197,9909,1952.29,0.181,0.009,0.14,22-7,0
1644,1127089607,1,3,0.133,13204,1759.581,0.139,0.009,0.118,22-7,0
1644,-1209148383,1,4,0.194,9425,1830.516,0.213,0.041,0.453,22-7,0
1666,-115725155,1,1,6.722,2074,13941.645,6.722,0,0,22-7,0
1666,-23369340,1,1,0.304,37915,11524.613,0.304,0,0,22-7,0
1666,1169389460,1,1,0.349,36876,12859.774,0.349,0,0,22-7,0
1666,23369296,1,1,0.984,11394,11215.355,0.984,0,0,22-7,0
1666,-1169390100,1,3,0.364,35656,12981.032,0.216,0.128,1.04,22-7,0
1703,-859453482000,1,1,0.261,20069,5235.129,0.261,0,0,22-7,0
1703,859453480000,1,1,0.188,28472,5348,0.188,0,0,22-7,0
1703,-854764073000,1,3,3.802,1329,5052.677,5.528,2.268,0.777,22-7,0
1703,1161737752000,1,5,2.026,5076,10286.323,1.248,0.448,0.872,22-7,0
1768,-125430400,1,1,0.229,24534,5616.258,0.229,0,0,22-7,0
1768,1283211085,1,1,0.182,21926,3996.032,0.182,0,0,22-7,0
1768,-125430412,1,1,0.55,10201,5611.581,0.55,0,0,22-7,0
1768,125430402,1,1,0.249,21797,5430.968,0.249,0,0,22-7,0
1715,119052255,1,1,1.016,10055,10220.226,1.016,0,0,22-7,0
1715,-1268540891,1,1,0.369,17604,6494.194,0.369,0,0,22-7,0
1715,-1268540892,1,1,0.487,20434,9956.161,0.487,0,0,22-7,0
1715,1243920800,1,2,0.366,14445,5284.323,0.348,0.025,0.102,22-7,0
1726,-855359206000,1,1,0.828,8994,7443.516,0.828,0,0,22-7,0
1726,1196096622000,1,2,0.292,22887,6675.581,0.283,0.012,0.06,22-7,0
1726,-1222493122000,1,5,1.607,8745,14052,0.957,0.383,0.966,22-7,0
1726,109015284000,1,5,3.387,2054,6957.323,4.312,1.444,0.806,22-7,0
1813,-16990691,1,3,0.131,26112,3431.226,0.173,0.045,0.515,22-7,0
1813,1171013699,1,1,0.116,30987,3582.774,0.116,0,0,22-7,0
1813,-867315011,1,1,0.152,27129,4133.258,0.152,0,0,22-7,0
1813,1171055412,1,4,0.263,34959,9204.387,0.146,0.078,1.096,22-7,0
1840,-1122786024,1,2,0.469,14322,6714.161,0.333,0.192,0.818,22-7,0
1840,-19437854,1,2,0.118,24000,2842.194,0.199,0.114,0.811,22-7,0
1840,945796966,1,2,0.302,10194,3079.968,0.484,0.257,0.751,22-7,0
1840,1125627821,1,3,0.612,10786,6605.452,0.364,0.216,1.044,22-7,0
1844,-1123874504000,1,2,0.117,18275,2137.387,0.18,0.089,0.698,22-7,0
1844,-125432940000,1,3,0.115,32815,3787.194,0.075,0.035,0.827,22-7,0
1844,1123876184000,1,3,0.784,7180,5629.097,0.43,0.307,1.245,22-7,0
1844,1123867857000,1,5,0.112,14718,1652.935,0.142,0.046,0.768,22-7,0
1845,1152718934000,1,3,0.314,8703,2734.806,0.3,0.013,0.09,22-7,0
1845,1152718952000,1,1,0.092,21847,2017.226,0.092,0,0,22-7,0
1845,-1126019401000,1,3,0.211,8310,1751.419,0.211,0.003,0.024,22-7,0
1845,-110492041000,1,3,0.337,8082,2723.097,0.326,0.019,0.101,22-7,0
1843,958022448000,1,2,0.238,34235,8141.29,0.18,0.081,0.636,22-7,0
1843,-1203530071000,1,3,0.202,46322,9366.935,0.129,0.063,0.861,22-7,0
1843,1126001768000,1,4,0.118,42619,5039.194,0.159,0.081,1.116,22-7,0
1843,-1125994266000,1,3,0.096,40501,3895.419,0.155,0.054,0.69,22-7,0
1936,1128029472,1,3,0.139,17614,2447.419,0.244,0.143,1.095,22-8,0
1936,-1128033747,1,3,0.119,23797,2822.903,0.113,0.005,0.082,22-8,0
1469,-1128444525,1,1,0.071,122496,8675.742,0.071,0,0,22-8,0
1469,-1128444530,1,2,0.063,128420,8107.968,0.06,0.004,0.097,22-8,0
1469,1128444249,1,2,0.134,62282,8373.871,0.133,0.002,0.02,22-8,0
1469,119978696,1,2,0.164,60106,9859.355,0.154,0.015,0.135,22-8,0
1968,1189452789,1,3,0.079,76817,6038.581,0.109,0.061,1.015,22-8,0
1968,-117266476,1,4,0.325,45759,14874.742,0.2,0.091,1.021,22-8,0
1652,-722322112,1,1,0.125,26963,3374.935,0.125,0,0,22-8,0
1652,19436956,1,2,0.219,15495,3397.581,0.209,0.015,0.099,22-8,0
564,-1228817885,1,2,0.061,41986,2559.419,0.062,0.001,0.034,22-8,0
564,18869501,1,1,0.085,34159,2893.258,0.085,0,0,22-8,0
564,-907428782,1,4,0.153,34225,5243.677,0.09,0.043,0.993,22-8,0
564,907428779,1,4,0.095,26162,2485.065,0.11,0.051,0.974,22-8,0
1657,-1128298955,1,1,0.104,34031,3549.581,0.104,0,0,22-8,0
1657,19436702,1,2,0.131,24319,3194.452,0.175,0.062,0.499,22-8,0
1657,-19436707,1,5,0.116,30739,3579.129,0.12,0.008,0.168,22-8,0
1657,19436695,1,3,0.156,22104,3456.387,0.162,0.016,0.181,22-8,0
2017,-1223982307,1,1,0.28,32214,9031.581,0.28,0,0,22-8,0
2017,1277959105,1,1,0.221,30097,6663.355,0.221,0,0,22-8,0
1644,1209148295,1,4,0.121,13887,1679.484,0.14,0.023,0.312,22-8,0
1644,1127089607,1,3,0.098,17070,1678.484,0.102,0.007,0.113,22-8,0
1644,-1232873730,1,5,0.149,12551,1872.742,0.137,0.007,0.142,22-8,0
1644,-1209148383,1,4,0.219,7934,1740.968,0.241,0.046,0.448,22-8,0
1666,-115725155,1,1,6.928,1514,10489,6.928,0,0,22-8,0
1666,1169389460,1,1,0.29,33991,9864,0.29,0,0,22-8,0
1666,-23369340,1,1,0.284,30172,8560.355,0.284,0,0,22-8,0
1666,23369296,1,1,0.619,13764,8519.968,0.619,0,0,22-8,0
1666,-1169390100,1,3,0.273,35935,9795.742,0.161,0.096,1.044,22-8,0
1703,-859453482000,1,1,0.277,16272,4506.419,0.277,0,0,22-8,0
1703,859453480000,1,1,0.116,39374,4553.581,0.116,0,0,22-8,0
1703,-854764073000,1,3,0.153,29366,4496.129,0.226,0.094,0.792,22-8,0
1703,1161737752000,1,5,0.484,18866,9129.903,0.298,0.107,0.874,22-8,0
1768,-125430400,1,1,0.196,28775,5631.065,0.196,0,0,22-8,0
1768,1283211085,1,1,0.331,11699,3875.581,0.331,0,0,22-8,0
1768,-125430412,1,1,0.27,20724,5593.935,0.27,0,0,22-8,0
1768,125430402,1,1,0.579,9137,5292.742,0.579,0,0,22-8,0
1715,119052255,1,1,0.323,22543,7286.516,0.323,0,0,22-8,0
1715,-1268540891,1,1,0.162,28638,4651.903,0.162,0,0,22-8,0
1715,-1268540892,1,1,0.347,20452,7094.613,0.347,0,0,22-8,0
1715,1243920800,1,2,0.171,22344,3815.71,0.162,0.012,0.104,22-8,0
1726,-855359206000,1,1,0.307,14216,4361.258,0.307,0,0,22-8,0
1726,1196096622000,1,2,0.154,25100,3874.097,0.149,0.008,0.071,22-8,0
1726,-1222493122000,1,5,1.035,7872,8145.484,0.615,0.249,0.973,22-8,0
1726,-109015279000,1,5,5.941,631,3748.935,6.346,0.892,0.316,22-8,0
1726,109015284000,1,5,0.089,45718,4067.323,0.114,0.038,0.809,22-8,0
1813,1171013699,1,1,0.385,8626,3320.871,0.385,0,0,22-8,0
1813,-16990691,1,3,0.145,21453,3109.484,0.192,0.05,0.521,22-8,0
1813,-867315011,1,1,0.125,30200,3776.258,0.125,0,0,22-8,0
1813,1171055412,1,4,0.749,11607,8689.613,0.416,0.223,1.097,22-8,0
1840,-1122786024,1,2,0.492,14238,7002.194,0.35,0.201,0.812,22-8,0
1840,-19437854,1,2,0.264,11244,2968.935,0.442,0.252,0.805,22-8,0
1840,945796966,1,2,0.168,18376,3090.226,0.268,0.141,0.744,22-8,0
1840,1125627821,1,3,1.355,4863,6588.032,0.807,0.474,1.034,22-8,0
1844,-1123874504000,1,2,0.09,24647,2213.355,0.137,0.067,0.692,22-8,0
1844,-125432940000,1,3,0.21,18752,3940.581,0.137,0.064,0.821,22-8,0
1844,1123867857000,1,5,0.061,28549,1740.742,0.078,0.025,0.775,22-8,0
1844,1123876184000,1,3,0.572,10393,5947.065,0.314,0.223,1.239,22-8,0
1845,1152718934000,1,3,0.759,3879,2944.806,0.723,0.035,0.095,22-8,0
1845,1152718952000,1,1,0.441,4894,2156.806,0.441,0,0,22-8,0
1845,-1126019401000,1,3,0.23,7390,1696.419,0.23,0.003,0.025,22-8,0
1845,-110492041000,1,3,0.263,10001,2631.032,0.255,0.014,0.094,22-8,0
1843,958022448000,1,2,0.426,20908,8912.742,0.323,0.145,0.635,22-8,0
1843,1126001768000,1,4,0.2,27330,5475.677,0.269,0.136,1.107,22-8,0
1843,-1203530071000,1,3,0.275,33436,9192.968,0.174,0.088,0.888,22-8,0
1843,-1125994266000,1,3,0.11,34183,3759.581,0.177,0.062,0.689,22-8,0
1936,1128029472,1,3,0.16,14138,2266.367,0.282,0.164,1.095,22-9,0
1936,-1128033747,1,3,0.161,16381,2639.933,0.153,0.007,0.081,22-9,0
1469,-1128444525,1,1,0.071,105695,7524.4,0.071,0,0,22-9,0
1469,-1128444530,1,2,0.068,103014,7034.833,0.065,0.005,0.1,22-9,0
1469,1128444249,1,2,0.052,141696,7436.133,0.052,0.001,0.02,22-9,0
1469,119978696,1,2,0.063,141115,8824.4,0.058,0.006,0.143,22-9,0
1968,1189452789,1,3,0.102,46530,4761.2,0.142,0.079,1.005,22-9,0
1968,-117266476,1,4,0.429,25839,11074.533,0.265,0.12,1.014,22-9,0
1652,-722322112,1,1,0.096,30132,2887.8,0.096,0,0,22-9,0
1652,19436956,1,2,0.13,23115,3015.567,0.124,0.009,0.102,22-9,0
564,-1228817885,1,2,0.137,18381,2518.567,0.139,0.003,0.032,22-9,0
564,18869501,1,1,0.107,25995,2791.067,0.107,0,0,22-9,0
564,-907428782,1,4,0.211,24214,5102.567,0.123,0.059,0.994,22-9,0
564,907428779,1,4,0.094,25586,2406.133,0.109,0.051,0.979,22-9,0
1657,-1128298955,1,1,0.16,21430,3424.667,0.16,0,0,22-9,0
1657,19436702,1,2,0.078,39043,3048.167,0.105,0.038,0.508,22-9,0
1657,-19436707,1,5,0.158,21881,3449.1,0.163,0.011,0.167,22-9,0
1657,19436695,1,3,0.092,36015,3301.867,0.095,0.009,0.181,22-9,0
2017,-1223982307,1,1,2.505,3568,8936.667,2.505,0,0,22-9,0
2017,1277959105,1,1,0.341,18455,6298.7,0.341,0,0,22-9,0
1644,1209148295,1,4,0.051,26550,1347.8,0.059,0.009,0.314,22-9,0
1644,-1232873730,1,5,0.125,11991,1493.067,0.115,0.006,0.139,22-9,0
1644,1127089607,1,3,0.103,13071,1347.567,0.108,0.007,0.119,22-9,0
1644,-1209148383,1,4,0.082,16941,1388.3,0.09,0.017,0.446,22-9,0
1666,-115725155,1,1,4.676,2316,10829.367,4.676,0,0,22-9,0
1666,-23369340,1,1,0.253,35354,8939.4,0.253,0,0,22-9,0
1666,1169389460,1,1,0.722,13998,10112.833,0.722,0,0,22-9,0
1666,23369296,1,1,0.861,10129,8717.5,0.861,0,0,22-9,0
1666,-1169390100,1,3,0.302,33855,10226.5,0.18,0.105,1.02,22-9,0
1703,-859453482000,1,1,0.324,13175,4268.467,0.324,0,0,22-9,0
1703,-854764073000,1,3,0.081,52318,4246.033,0.12,0.05,0.79,22-9,0
1703,859453480000,1,1,0.098,43000,4199.533,0.098,0,0,22-9,0
1703,1161737752000,1,5,1.198,7048,8440.067,0.736,0.265,0.876,22-9,0
1768,-125430400,1,1,0.262,18831,4932.8,0.262,0,0,22-9,0
1768,1283211085,1,1,0.125,27934,3492.9,0.125,0,0,22-9,0
1768,-125430412,1,1,0.332,14769,4905.933,0.332,0,0,22-9,0
1768,125430402,1,1,0.246,19385,4766.533,0.246,0,0,22-9,0
1715,119052255,1,1,0.251,27316,6843.733,0.251,0,0,22-9,0
1715,-1268540892,1,1,0.196,34396,6747.9,0.196,0,0,22-9,0
1715,-1268540891,1,1,0.114,38749,4409.2,0.114,0,0,22-9,0
1715,1243920800,1,2,0.135,26317,3548.6,0.128,0.01,0.106,22-9,0
1726,-855359206000,1,1,0.111,40340,4495.267,0.111,0,0,22-9,0
1726,1196096622000,1,2,0.116,33931,3922.6,0.111,0.006,0.074,22-9,0
1726,-1222493122000,1,5,0.389,21729,8458.5,0.231,0.094,0.975,22-9,0
1726,1199461770000,1,3,7.242,609,4410.433,7.104,1.33,0.373,22-9,0
1726,-109015279000,1,5,9.51,407,3870.633,10.158,1.38,0.308,22-9,0
1726,109015284000,1,5,0.087,47069,4098.867,0.112,0.037,0.812,22-9,0
1813,1171013699,1,1,0.403,5876,2370.333,0.403,0,0,22-9,0
1813,-16990691,1,3,0.114,19111,2172.967,0.153,0.042,0.544,22-9,0
1813,-867315011,1,1,0.13,20565,2675.233,0.13,0,0,22-9,0
1813,1171055412,1,4,0.82,7769,6367.533,0.454,0.244,1.102,22-9,0
1840,-1122786024,1,2,0.157,36165,5686.233,0.112,0.064,0.815,22-9,0
1840,-19437854,1,2,0.097,24368,2366.933,0.164,0.094,0.813,22-9,0
1840,945796966,1,2,0.251,10478,2628.533,0.4,0.211,0.745,22-9,0
1840,1125627821,1,3,0.503,11054,5557.833,0.3,0.176,1.032,22-9,0
1844,-1123874504000,1,2,0.051,39144,2004.367,0.079,0.039,0.7,22-9,0
1844,-125432940000,1,3,0.182,19325,3510.6,0.119,0.055,0.814,22-9,0
1844,1123876184000,1,3,0.511,9991,5101.233,0.281,0.199,1.24,22-9,0
1844,1123867857000,1,5,0.21,7138,1496.833,0.267,0.084,0.76,22-9,0
1845,1152718934000,1,3,0.215,10506,2254.667,0.205,0.009,0.086,22-9,0
1845,1152718952000,1,1,0.084,20100,1683.433,0.084,0,0,22-9,0
1845,-110492041000,1,3,0.413,5384,2222.833,0.401,0.024,0.107,22-9,0
1845,-1126019401000,1,3,0.107,13442,1435.433,0.107,0.001,0.027,22-9,0
1843,958022448000,1,2,0.206,34940,7206.367,0.157,0.07,0.635,22-9,0
1843,-1203530071000,1,3,0.322,24181,7787.967,0.207,0.1,0.848,22-9,0
1843,1126001768000,1,4,0.124,35312,4392.433,0.165,0.082,1.086,22-9,0
1843,-1125994266000,1,3,0.142,23502,3328.1,0.223,0.076,0.67,22-9,0
1936,1128029472,1,3,0.117,20403,2383.516,0.206,0.121,1.098,22-10,0
1936,-1128033747,1,3,0.226,12374,2793.258,0.215,0.009,0.082,22-10,0
1968,1189452789,1,3,0.145,33359,4851.581,0.202,0.112,1.003,22-10,0
1968,-117266476,1,4,0.253,44915,11370.613,0.157,0.071,1.004,22-10,0
1652,-722322112,1,1,0.399,7596,3027.194,0.399,0,0,22-10,0
1652,19436956,1,2,0.179,17601,3146.71,0.17,0.013,0.104,22-10,0
564,-1228817885,1,2,0.134,19450,2607.065,0.136,0.003,0.029,22-10,0
564,18869501,1,1,0.102,28631,2925.355,0.102,0,0,22-10,0
564,-907428782,1,4,0.208,25482,5308.323,0.122,0.058,0.993,22-10,0
564,907428779,1,4,0.09,27742,2503.774,0.104,0.048,0.97,22-10,0
1657,-1128298955,1,1,0.135,26362,3571.194,0.135,0,0,22-10,0
1657,19436702,1,2,0.082,38851,3172.742,0.109,0.039,0.505,22-10,0
1657,19436695,1,3,0.091,37538,3414.968,0.095,0.009,0.177,22-10,0
1657,-19436707,1,5,0.124,28903,3597.935,0.128,0.009,0.17,22-10,0
2017,-1223982307,1,1,1.237,8412,10407.774,1.237,0,0,22-10,0
2017,1277959105,1,1,0.793,9611,7617.742,0.793,0,0,22-10,0
1644,1209148295,1,4,0.05,29006,1462.742,0.058,0.009,0.31,22-10,0
1644,1127089607,1,3,0.106,13675,1455.71,0.111,0.007,0.12,22-10,0
1644,-1232873730,1,5,0.142,11803,1671.903,0.13,0.007,0.142,22-10,0
1644,-1209148383,1,4,0.136,11440,1550.968,0.148,0.028,0.436,22-10,0
1666,-115725155,1,1,4.344,2851,12385.548,4.344,0,0,22-10,0
1666,-23369340,1,1,0.278,36424,10115.839,0.278,0,0,22-10,0
1666,1169389460,1,1,0.594,19349,11492.71,0.594,0,0,22-10,0
1666,23369296,1,1,0.502,19719,9902.871,0.502,0,0,22-10,0
1666,-1169390100,1,3,0.258,44763,11557.065,0.154,0.09,1.02,22-10,0
1703,-859453482000,1,1,0.037,152871,5671.677,0.037,0,0,22-10,0
1703,859453480000,1,1,0.203,27381,5571.387,0.203,0,0,22-10,0
1703,-854764073000,1,3,0.276,20017,5519.516,0.403,0.166,0.782,22-10,0
1703,1161737752000,1,5,0.188,58935,11071.645,0.116,0.041,0.872,22-10,0
1768,-125430400,1,1,0.126,40814,5128.323,0.126,0,0,22-10,0
1768,1283211085,1,1,0.084,42986,3618.516,0.084,0,0,22-10,0
1768,-125430412,1,1,0.185,27564,5099.581,0.185,0,0,22-10,0
1768,125430402,1,1,0.165,29946,4946.323,0.165,0,0,22-10,0
1715,119052255,1,1,0.371,20905,7748.258,0.371,0,0,22-10,0
1715,-1268540891,1,1,0.322,16612,5351.032,0.322,0,0,22-10,0
1715,-1268540892,1,1,0.484,16876,8161.065,0.484,0,0,22-10,0
1715,1243920800,1,2,0.119,34692,4114.226,0.112,0.009,0.115,22-10,0
1726,-855359206000,1,1,0.081,67893,5513.032,0.081,0,0,22-10,0
1726,1196096622000,1,2,0.155,29967,4639.774,0.15,0.007,0.07,22-10,0
1726,-1222493122000,1,5,0.512,20298,10384.29,0.305,0.122,0.968,22-10,0
1726,1199461770000,1,3,8.305,632,5248.645,8.146,1.502,0.367,22-10,0
1726,-109015279000,1,5,5.191,922,4786.226,5.562,0.763,0.306,22-10,0
1726,109015284000,1,5,0.144,33491,4834.968,0.184,0.061,0.801,22-10,0
1813,-16990691,1,3,0.118,19496,2298.452,0.158,0.043,0.539,22-10,0
1813,1171013699,1,1,0.34,6906,2348.71,0.34,0,0,22-10,0
1813,-867315011,1,1,0.176,15956,2811.258,0.176,0,0,22-10,0
1813,1171055412,1,4,0.758,8314,6305.935,0.421,0.225,1.093,22-10,0
1840,-1122786024,1,2,1.255,4543,5703.032,0.888,0.519,0.826,22-10,0
1840,-19437854,1,2,0.385,6135,2359.806,0.647,0.372,0.812,22-10,0
1840,945796966,1,2,0.113,23620,2678.387,0.182,0.097,0.752,22-10,0
1840,1125627821,1,3,0.204,27946,5688.935,0.121,0.071,1.035,22-10,0
1844,-1123874504000,1,2,0.2,9453,1891.774,0.313,0.16,0.721,22-10,0
1844,-125432940000,1,3,0.529,6564,3471.935,0.342,0.162,0.831,22-10,0
1844,1123867857000,1,5,0.129,11477,1483.613,0.165,0.052,0.766,22-10,0
1844,1123876184000,1,3,0.246,20888,5130.645,0.134,0.096,1.252,22-10,0
1845,1152718952000,1,1,0.464,3864,1794.452,0.464,0,0,22-10,0
1845,1152718934000,1,3,0.182,13224,2407.452,0.174,0.008,0.088,22-10,0
1845,-1126019401000,1,3,0.275,5612,1543.29,0.276,0.004,0.027,22-10,0
1845,-110492041000,1,3,0.535,4501,2409.452,0.521,0.03,0.104,22-10,0
1843,958022448000,1,2,0.203,36103,7336.484,0.154,0.069,0.632,22-10,0
1843,1126001768000,1,4,0.145,30804,4469.194,0.193,0.097,1.098,22-10,0
1843,-1203530071000,1,3,0.347,22974,7966.226,0.221,0.109,0.862,22-10,0
1843,-1125994266000,1,3,0.162,20912,3383.129,0.256,0.087,0.668,22-10,0
1936,1128029472,1,3,0.129,18073,2329.967,0.228,0.133,1.098,22-11,0
1936,-1128033747,1,3,0.053,52200,2751.767,0.05,0.002,0.082,22-11,0
1968,1189452789,1,3,0.144,38210,5503.867,0.2,0.113,1.014,22-11,0
1968,-117266476,1,4,0.426,31107,13241.8,0.262,0.12,1.026,22-11,0
1652,-722322112,1,1,0.112,28675,3218.4,0.112,0,0,22-11,0
1652,19436956,1,2,0.084,39591,3322.367,0.08,0.006,0.105,22-11,0
564,-1228817885,1,2,0.093,27374,2533.9,0.094,0.002,0.029,22-11,0
564,18869501,1,1,0.107,25742,2764.2,0.107,0,0,22-11,0
564,-907428782,1,4,0.154,33449,5149.233,0.09,0.043,0.992,22-11,0
564,907428779,1,4,0.07,33581,2360.9,0.081,0.038,0.976,22-11,0
1657,-1128298955,1,1,0.088,39745,3511.5,0.088,0,0,22-11,0
1657,19436702,1,2,0.083,37711,3119.4,0.111,0.04,0.512,22-11,0
1657,-19436707,1,5,0.103,34210,3538.167,0.107,0.007,0.174,22-11,0
1657,19436695,1,3,0.092,36038,3331.833,0.096,0.01,0.191,22-11,0
2017,-1223982307,1,1,1.603,6113,9798.867,1.603,0,0,22-11,0
2017,1277959105,1,1,0.363,19300,7002.267,0.363,0,0,22-11,0
1644,1209148295,1,4,0.108,13639,1472.767,0.125,0.02,0.313,22-11,0
1644,-1232873730,1,5,0.087,19144,1659,0.079,0.004,0.146,22-11,0
1644,1127089607,1,3,0.11,13325,1467.967,0.115,0.008,0.118,22-11,0
1644,-1209148383,1,4,0.134,11459,1539.433,0.147,0.028,0.446,22-11,0
1666,-115725155,1,1,7.064,1792,12658.667,7.064,0,0,22-11,0
1666,-23369340,1,1,0.339,30625,10380.733,0.339,0,0,22-11,0
1666,1169389460,1,1,0.994,11752,11679.733,0.994,0,0,22-11,0
1666,23369296,1,1,0.343,29478,10107.9,0.343,0,0,22-11,0
1666,-1169390100,1,3,0.411,28490,11716.033,0.247,0.143,1.009,22-11,0
1703,-859453482000,1,1,0.167,32293,5393.033,0.167,0,0,22-11,0
1703,859453480000,1,1,0.096,55334,5326.367,0.096,0,0,22-11,0
1703,-854764073000,1,3,0.14,37732,5267.733,0.205,0.085,0.789,22-11,0
1703,1161737752000,1,5,0.295,35434,10464.133,0.182,0.065,0.875,22-11,0
1768,-125430400,1,1,0.128,42257,5391.1,0.128,0,0,22-11,0
1768,1283211085,1,1,0.078,48014,3746.9,0.078,0,0,22-11,0
1768,-125430412,1,1,0.092,58165,5354,0.092,0,0,22-11,0
1768,125430402,1,1,0.156,33103,5150.967,0.156,0,0,22-11,0
1715,119052255,1,1,0.264,32268,8521.133,0.264,0,0,22-11,0
1715,-1268540891,1,1,0.098,55980,5470.933,0.098,0,0,22-11,0
1715,-1268540892,1,1,0.171,48840,8354.933,0.171,0,0,22-11,0
1715,1243920800,1,2,0.133,34438,4581.8,0.125,0.011,0.125,22-11,0
1726,-855359206000,1,1,0.469,12120,5680.567,0.469,0,0,22-11,0
1726,1196096622000,1,2,0.153,32540,4965.333,0.148,0.007,0.068,22-11,0
1726,-1222493122000,1,5,0.877,12138,10645.6,0.522,0.209,0.967,22-11,0
1726,1199461770000,1,3,8.757,643,5630.8,8.588,1.592,0.369,22-11,0
1726,-109015279000,1,5,4.76,1033,4917.233,5.113,0.709,0.309,22-11,0
1726,109015284000,1,5,0.387,13414,5187.567,0.492,0.164,0.801,22-11,0
1813,-16990691,1,3,0.105,25205,2650.233,0.14,0.038,0.537,22-11,0
1813,1171013699,1,1,0.076,36990,2808.767,0.076,0,0,22-11,0
1813,-867315011,1,1,0.142,22687,3223.5,0.142,0,0,22-11,0
1813,1171055412,1,4,0.231,32484,7495.8,0.128,0.069,1.094,22-11,0
1840,-1122786024,1,2,0.239,25291,6038.267,0.169,0.098,0.82,22-11,0
1840,-19437854,1,2,0.103,24594,2523.133,0.173,0.099,0.812,22-11,0
1840,945796966,1,2,0.077,36117,2778.867,0.123,0.066,0.753,22-11,0
1840,1125627821,1,3,0.232,25375,5897.7,0.138,0.082,1.037,22-11,0
1844,-1123874504000,1,2,0.276,7343,2025.133,0.422,0.207,0.693,22-11,0
1844,-125432940000,1,3,0.276,13236,3652.733,0.179,0.084,0.831,22-11,0
1844,1123876184000,1,3,0.498,10809,5383.8,0.272,0.196,1.255,22-11,0
1844,1123867857000,1,5,0.198,7907,1561.633,0.252,0.081,0.772,22-11,0
1845,1152718952000,1,1,0.084,21652,1820.5,0.084,0,0,22-11,0
1845,1152718934000,1,3,0.211,11618,2455.5,0.202,0.009,0.09,22-11,0
1845,-1126019401000,1,3,0.125,12321,1536.8,0.125,0.002,0.031,22-11,0
1845,-110492041000,1,3,0.246,9745,2399.133,0.24,0.014,0.105,22-11,0
1843,958022448000,1,2,0.175,42717,7462.2,0.133,0.059,0.634,22-11,0
1843,-1203530071000,1,3,0.211,38876,8206.9,0.135,0.066,0.854,22-11,0
1843,1126001768000,1,4,0.118,38782,4568.333,0.159,0.082,1.138,22-11,0
1843,-1125994266000,1,3,0.1,35384,3547.733,0.159,0.055,0.676,22-11,0
1936,1128029472,1,3,0.073,30916,2267.548,0.13,0.077,1.106,22-12,0
1936,-1128033747,1,3,0.044,61143,2709.419,0.042,0.002,0.084,22-12,0
1968,1189452789,1,3,0.165,32664,5403.161,0.23,0.129,1.009,22-12,0
1968,-117266476,1,4,0.252,50609,12733.581,0.156,0.07,1.008,22-12,0
1657,-1128298955,1,1,0.052,67921,3511.645,0.052,0,0,22-12,0
1657,19436702,1,2,0.096,32279,3100.194,0.129,0.046,0.506,22-12,0
1657,19436695,1,3,0.12,27891,3342.935,0.125,0.012,0.179,22-12,0
1657,-19436707,1,5,0.064,55511,3528.355,0.066,0.005,0.175,22-12,0
2017,-1223982307,1,1,0,0,10194.484,0,0,0,22-12,0
2017,1277959105,1,1,2.31,2861,6610.258,2.31,0,0,22-12,0
1703,-859453482000,1,1,0.264,21527,5689.903,0.264,0,0,22-12,0
1703,859453480000,1,1,0.159,34881,5537.71,0.159,0,0,22-12,0
1703,-854764073000,1,3,0.155,35664,5527.645,0.227,0.094,0.787,22-12,0
1703,1161737752000,1,5,1.382,7775,10746.258,0.851,0.306,0.874,22-12,0
1768,-125430400,1,1,0.087,59058,5151.387,0.087,0,0,22-12,0
1768,1283211085,1,1,0.125,30003,3742.645,0.125,0,0,22-12,0
1768,-125430412,1,1,0.083,61952,5119.032,0.083,0,0,22-12,0
1768,125430402,1,1,0.112,46322,5173.774,0.112,0,0,22-12,0
1715,119052255,1,1,0.323,26469,8560.645,0.323,0,0,22-12,0
1715,-1268540891,1,1,0.522,11164,5829.387,0.522,0,0,22-12,0
1715,-1268540892,1,1,0.478,18628,8909.903,0.478,0,0,22-12,0
1715,1243920800,1,2,0.186,24637,4589.581,0.175,0.015,0.123,22-12,0
1726,-855359206000,1,1,0.554,12534,6948.355,0.554,0,0,22-12,0
1726,1196096622000,1,2,0.393,14066,5532.645,0.381,0.018,0.066,22-12,0
1726,-1222493122000,1,5,0.822,15965,13129.452,0.489,0.197,0.971,22-12,0
1726,109015284000,1,5,4.216,1369,5771.387,5.373,1.806,0.809,22-12,0
1813,-16990691,1,3,0.074,40519,3007.581,0.099,0.027,0.537,22-12,0
1813,1171013699,1,1,0.066,44578,2935.419,0.066,0,0,22-12,0
1813,-867315011,1,1,0.112,32761,3670.258,0.112,0,0,22-12,0
1813,1171055412,1,4,0.205,38153,7813.419,0.114,0.061,1.097,22-12,0
1840,-1122786024,1,2,0.234,24689,5766.387,0.166,0.096,0.822,22-12,0
1840,945796966,1,2,0.074,38415,2853.258,0.119,0.063,0.751,22-12,0
1840,-19437854,1,2,0.072,33427,2410,0.122,0.071,0.82,22-12,0
1840,1125627821,1,3,0.184,33037,6076.548,0.109,0.065,1.039,22-12,0
1844,-1123874504000,1,2,0.782,2545,1989.935,1.19,0.577,0.686,22-12,0
1844,-125432940000,1,3,0.987,3518,3473.516,0.642,0.299,0.823,22-12,0
1844,1123876184000,1,3,2.099,2343,4918.806,1.147,0.825,1.255,22-12,0
1844,1123867857000,1,5,0.146,9799,1426.032,0.186,0.059,0.77,22-12,0
1845,1152718952000,1,1,0.364,4184,1523.742,0.364,0,0,22-12,0
1845,1152718934000,1,3,0.765,2664,2039.161,0.732,0.032,0.087,22-12,0
1845,-1126019401000,1,3,0.093,15862,1469.548,0.093,0.001,0.028,22-12,0
1845,-110492041000,1,3,0.128,18207,2331.548,0.125,0.007,0.103,22-12,0
1843,958022448000,1,2,0.193,34744,6711.452,0.147,0.065,0.628,22-12,0
1843,1126001768000,1,4,0.132,32413,4266.161,0.179,0.092,1.13,22-12,0
1843,-1203530071000,1,3,0.153,54292,8280.806,0.097,0.048,0.879,22-12,0
1843,-1125994266000,1,3,0.077,44244,3424.129,0.124,0.043,0.687,22-12,0
1936,1128029472,1,3,0.099,23227,2304.419,0.175,0.102,1.097,23-1,0
1936,-1128033747,1,3,0.195,13911,2715.419,0.185,0.009,0.088,23-1,0
1968,1189452789,1,3,1.78,2407,4284.968,2.47,1.374,1.002,23-1,0
1968,-117266476,1,4,0.551,19192,10576.194,0.342,0.153,1.003,23-1,0
1657,-1128298955,1,1,0.11,31070,3416.871,0.11,0,0,23-1,0
1657,19436702,1,2,0.089,34039,3042.806,0.119,0.043,0.504,23-1,0
1657,-19436707,1,5,0.127,27110,3437.29,0.132,0.009,0.165,23-1,0
1657,19436695,1,3,0.106,31109,3287.387,0.11,0.01,0.175,23-1,0
2017,-1223982307,1,1,0.416,18948,7874.903,0.416,0,0,23-1,0
2017,1277959105,1,1,0.147,41348,6060.129,0.147,0,0,23-1,0
1768,-125430400,1,1,0.192,24769,4748.355,0.192,0,0,23-1,0
1768,1283211085,1,1,0.167,18798,3136.032,0.167,0,0,23-1,0
1768,-125430412,1,1,0.164,28603,4686.129,0.164,0,0,23-1,0
1768,125430402,1,1,0.181,24069,4349.355,0.181,0,0,23-1,0
1813,1171013699,1,1,0.193,12840,2472.226,0.193,0,0,23-1,0
1813,-16990691,1,3,0.313,7061,2212.677,0.421,0.116,0.546,23-1,0
1813,-867315011,1,1,0.183,14957,2733.774,0.183,0,0,23-1,0
1813,1171055412,1,4,0.362,18042,6536.419,0.201,0.108,1.096,23-1,0
1840,-1122786024,1,2,0.296,17167,5074.097,0.21,0.121,0.819,23-1,0
1840,945796966,1,2,0.107,21230,2276.452,0.171,0.09,0.746,23-1,0
1840,-19437854,1,2,0.663,3189,2112.935,1.116,0.641,0.812,23-1,0
1840,1125627821,1,3,0.468,10196,4776.71,0.28,0.164,1.03,23-1,0
1844,-1123874504000,1,2,0.175,9722,1704.71,0.266,0.128,0.682,23-1,0
1844,-125432940000,1,3,0.254,11881,3019.839,0.165,0.078,0.828,23-1,0
1844,1123867857000,1,5,0.096,13969,1342.323,0.122,0.039,0.761,23-1,0
1844,1123876184000,1,3,0.293,15794,4625.452,0.16,0.115,1.253,23-1,0
1845,1152718934000,1,3,0.054,39574,2134.516,0.051,0.002,0.091,23-1,0
1845,1152718952000,1,1,0.056,28215,1587.29,0.056,0,0,23-1,0
1845,-1126019401000,1,3,0.08,15388,1232.484,0.08,0.001,0.024,23-1,0
1845,-110492041000,1,3,0.14,13688,1913.452,0.136,0.008,0.098,23-1,0
1843,958022448000,1,2,0.372,17994,6702.613,0.283,0.126,0.629,23-1,0
1843,1126001768000,1,4,0.142,30121,4288.161,0.192,0.098,1.121,23-1,0
1843,-1203530071000,1,3,0.357,21153,7553.806,0.224,0.116,0.91,23-1,0
1843,-1125994266000,1,3,0.191,15957,3044.226,0.301,0.103,0.676,23-1,0
1936,1128029472,1,3,0.062,37003,2306.75,0.11,0.064,1.097,23-2,0
1936,-1128033747,1,3,0.255,10676,2717.679,0.242,0.011,0.087,23-2,0
1968,1189452789,1,3,0.346,12920,4469.536,0.479,0.265,0.999,23-2,0
1968,-117266476,1,4,0.508,21067,10707.714,0.314,0.142,1.01,23-2,0
1657,-1128298955,1,1,0.41,8274,3391.536,0.41,0,0,23-2,0
1657,19436702,1,2,0.115,26418,3031.643,0.153,0.054,0.499,23-2,0
1657,-19436707,1,5,0.198,17243,3411.536,0.205,0.013,0.161,23-2,0
1657,19436695,1,3,0.136,24160,3275.536,0.141,0.013,0.174,23-2,0
2017,-1223982307,1,1,1.198,7045,8441.036,1.198,0,0,23-2,0
2017,1277959105,1,1,0.073,81655,5992.75,0.073,0,0,23-2,0
1840,-1122786024,1,2,0.493,9987,4922.393,0.349,0.203,0.824,23-2,0
1840,945796966,1,2,0.66,3539,2336.929,1.052,0.554,0.745,23-2,0
1840,-19437854,1,2,0.171,11922,2036.857,0.289,0.167,0.819,23-2,0
1840,1125627821,1,3,1.072,4568,4895.25,0.64,0.374,1.029,23-2,0
1844,-1123874504000,1,2,0.354,4992,1765.5,0.538,0.261,0.685,23-2,0
1844,-125432940000,1,3,0.445,7027,3124.286,0.289,0.135,0.824,23-2,0
1844,1123876184000,1,3,0.477,9541,4553.179,0.26,0.188,1.265,23-2,0
1844,1123867857000,1,5,0.156,8417,1314.929,0.199,0.063,0.763,23-2,0
1845,1152718952000,1,1,0.087,17227,1498.643,0.087,0,0,23-2,0
1845,1152718934000,1,3,0.62,3226,2000.286,0.592,0.026,0.086,23-2,0
1845,-1126019401000,1,3,0.196,6646,1305.393,0.197,0.002,0.024,23-2,0
1845,-110492041000,1,3,0.218,9278,2021.179,0.212,0.011,0.096,23-2,0
1843,958022448000,1,2,0.4,16269,6501.214,0.305,0.134,0.624,23-2,0
1843,-1203530071000,1,3,0.574,13527,7770.321,0.362,0.184,0.894,23-2,0
1843,1126001768000,1,4,0.173,23959,4146.679,0.235,0.121,1.125,23-2,0
1843,-1125994266000,1,3,0.335,9491,3180.143,0.527,0.179,0.673,23-2,0
1936,1128029472,1,3,0.158,17057,2701.774,0.276,0.162,1.094,23-3,0
1936,-1128033747,1,3,0.178,17609,3133.323,0.17,0.007,0.075,23-3,0
1968,1189452789,1,3,0.144,39734,5737.226,0.2,0.11,0.99,23-3,0
1968,-117266476,1,4,0.704,19264,13567.71,0.436,0.194,0.993,23-3,0
1657,-1128298955,1,1,0.154,25425,3912.548,0.154,0,0,23-3,0
1657,19436702,1,2,0.114,30795,3519.355,0.15,0.051,0.481,23-3,0
1657,-19436707,1,5,0.17,23129,3929.71,0.176,0.011,0.156,23-3,0
1657,19436695,1,3,0.137,27532,3783.742,0.142,0.013,0.167,23-3,0
2017,-1223982307,1,1,0.567,26174,14849.194,0.567,0,0,23-3,0
2017,1277959105,1,1,1.197,6694,8011.29,1.197,0,0,23-3,0
1968,1189452789,1,3,0.119,56941,6753.533,0.166,0.094,1.017,23-4,0
1968,-117266476,1,4,0.331,47624,15766.167,0.205,0.092,1.009,23-4,0
2017,-1223982307,1,1,0.524,22258,11670.967,0.524,0,0,23-4,0
2017,1277959105,1,1,3.448,3034,10461.4,3.448,0,0,23-4,0
2017,-1223982307,1,1,2.442,4466,10906.323,2.442,0,0,23-5,0
2017,1277959105,1,1,0.138,58185,8021.516,0.138,0,0,23-5,0
