Area ID,Head segment ID,FRC of head segment,Count seg whip,Head pen rate,Head Ticon ADT,Head avg daily RSS,Avg whip pen rate,Std dev whip seg pen rate,Relat range,Month
1894,-1215072450,4,3,0.126,5341,673.357,0.11,0.016,0.296,23-2
1894,-1215073450,4,3,0.126,7107,896.357,0.123,0.02,0.327,23-2
1894,1188183233,4,3,0.105,7663,805.929,0.122,0.021,0.329,23-2
1894,1215200268,4,3,0.163,4131,674.893,0.149,0.02,0.253,23-2
1894,-1145730055,4,6,0.157,4143,652.321,0.127,0.024,0.419,23-2
1894,1215074655,4,6,0.078,3861,301.143,0.085,0.013,0.365,23-2
1895,-1215072640,4,4,0.165,3965,655.679,0.121,0.034,0.588,23-2
1895,1215085621,4,4,0.125,5991,750.571,0.123,0.029,0.561,23-2
1895,1215072509,4,4,0.083,4207,349.286,0.095,0.018,0.372,23-2
1895,1188260832,4,6,0.142,4190,594,0.085,0.029,0.963,23-2
1895,-1215073030,4,6,0.117,3983,465.036,0.101,0.023,0.624,23-2
1060,-1206932736,4,2,0.188,2254,424.643,0.193,0.006,0.047,23-2
1895,-1215086539,4,4,0.155,5816,900.036,0.129,0.025,0.447,23-2
1898,-18874721,4,1,0.107,3728,399.071,0.107,0,0,23-2
1895,-43014559,4,9,0.113,5772,653.429,0.069,0.017,0.823,23-2
1898,18874727,4,1,0.064,2362,150.143,0.064,0,0,23-2
1060,1206932737,4,2,0.116,3360,388.143,0.171,0.078,0.647,23-2
1898,18874721,4,1,0.173,5724,991.643,0.173,0,0,23-2
1898,123353961,4,1,0.158,4258,674.571,0.158,0,0,23-2
1895,1215073562,4,9,0.104,4720,491.679,0.098,0.021,0.686,23-2
1902,1219813797,4,3,0.126,7788,984.893,0.135,0.023,0.326,23-2
1902,-1219815159,4,8,0.113,7539,849.143,0.117,0.017,0.373,23-2
1902,-1185800134,4,3,0.099,8893,883.5,0.107,0.013,0.22,23-2
1902,-1219817443,4,8,0.133,6989,927.214,0.12,0.022,0.501,23-2
1307,1215071271,4,4,0.103,10809,1117.071,0.08,0.017,0.519,23-2
1307,-913422249,4,4,0.113,7399,833.321,0.101,0.015,0.324,23-2
1307,-43014939,4,7,0.1,4064,405.286,0.063,0.026,1.045,23-2
1307,1215070315,4,7,0.156,2913,455.607,0.099,0.042,1.086,23-2
1307,-1145741273,4,6,0.109,4752,517.036,0.079,0.021,0.635,23-2
1307,1215069871,4,6,0.125,4095,509.964,0.085,0.022,0.673,23-2
1307,-1215071006,4,7,0.097,5567,539.679,0.079,0.014,0.444,23-2
1905,1314011652,4,4,0.13,3716,484.679,0.088,0.033,0.806,23-2
1307,913422247,4,7,0.096,5849,561.286,0.072,0.013,0.555,23-2
1905,-1243437316,4,4,0.158,3448,544.5,0.116,0.045,0.73,23-2
1905,1243607192,4,5,0.16,6852,1094,0.133,0.029,0.496,23-2
1905,1243437319,4,5,0.159,6361,1012.571,0.143,0.029,0.495,23-2
1905,-1243438979,4,5,0.185,6473,1197.893,0.138,0.03,0.561,23-2
1905,-1034088061,4,5,0.191,5205,996.357,0.131,0.036,0.716,23-2
1905,1210742872,4,7,0.119,5853,694.821,0.09,0.021,0.6,23-2
1905,-110459496,4,7,0.136,4211,574.214,0.105,0.019,0.552,23-2
1906,97981239,4,4,0.096,6109,587.929,0.109,0.024,0.444,23-2
1906,-1033293370,4,4,0.081,7929,644.679,0.097,0.025,0.584,23-2
1907,-1314007226,4,3,0.074,6355,468.893,0.097,0.031,0.603,23-2
1907,1313997125,4,3,0.122,7665,933.679,0.086,0.031,0.677,23-2
1906,1243869995,4,8,0.095,7238,688.25,0.062,0.014,0.716,23-2
1907,1033243943,4,7,0.062,7679,477.429,0.065,0.015,0.638,23-2
1906,-1134382206,4,8,0.046,7386,342.321,0.054,0.011,0.555,23-2
1907,-1209997170,4,7,0.074,6515,480.929,0.086,0.021,0.714,23-2
1908,-1244077913,4,6,0.094,5400,506.393,0.08,0.012,0.375,23-2
1908,1314246922,4,6,0.101,4775,483.143,0.089,0.014,0.342,23-2
1911,-1298282787,4,5,0.169,4656,784.679,0.148,0.027,0.443,23-2
1911,-1197046102,4,7,0.212,6250,1323.179,0.186,0.014,0.199,23-2
1911,-1197050075,4,6,0.233,4086,951.786,0.157,0.04,0.7,23-2
1911,747120368,4,8,0.221,8592,1899.5,0.16,0.029,0.545,23-2
1911,1197049800,4,7,0.136,4528,615.429,0.141,0.022,0.448,23-2
1908,-1210131206,4,13,0.074,5137,382.607,0.076,0.005,0.249,23-2
1911,102931419,4,5,0.157,4117,644.429,0.147,0.045,0.742,23-2
1908,1314247010,4,13,0.092,4424,409,0.08,0.006,0.255,23-2
1893,976635077,4,1,0.001,42598,52.964,0.001,0,0,23-2
1911,1298283253,4,8,0.185,5275,978.393,0.162,0.022,0.343,23-2
1911,-102931385,4,9,0.2,4675,934.464,0.187,0.03,0.505,23-2
1912,-1293216947,4,8,0.204,6141,1254.536,0.119,0.041,1.004,23-2
1912,833537503,4,8,0.187,6012,1125.071,0.142,0.048,0.91,23-2
1909,1255424054,4,3,0.196,2883,564.786,0.134,0.055,0.778,23-2
1909,-1246799034,4,3,0.208,2622,544.393,0.225,0.075,0.65,23-2
1912,-1281565214,4,11,0.145,6620,961.5,0.135,0.025,0.638,23-2
1912,832672730,4,11,0.19,5625,1067,0.159,0.029,0.627,23-2
1912,-23048743,4,12,0.161,5116,822,0.153,0.018,0.39,23-2
585,-1204486495,4,3,0.231,3659,846.5,0.163,0.06,0.684,23-2
1912,-1202715852,4,18,0.193,4126,797.964,0.164,0.021,0.398,23-2
1912,-1202705440,4,16,0.174,4352,757.5,0.112,0.044,1.364,23-2
585,23038716,4,4,0.146,3384,493.179,0.159,0.057,0.756,23-2
585,-23038665,4,5,0.161,4926,791.25,0.146,0.026,0.421,23-2
1912,801464388,4,18,0.24,3941,946.143,0.166,0.025,0.64,23-2
585,835909182,4,4,0.176,4876,857.929,0.13,0.032,0.57,23-2
1914,1307355311,4,9,0.065,9761,632.036,0.091,0.028,0.769,23-2
1914,-715157499,4,9,0.126,9861,1242.75,0.082,0.027,0.803,23-2
1917,-1212782191,4,3,0.04,15393,612.286,0.043,0.003,0.124,23-2
1917,820280196,4,1,0.047,18535,864.179,0.047,0,0,23-2
1917,1212784143,4,3,0.051,6408,324.036,0.056,0.005,0.193,23-2
1917,-820302360,4,3,0.114,7143,817.571,0.095,0.018,0.378,23-2
1917,-1212568981,4,3,0.067,5938,397.464,0.062,0.005,0.138,23-2
1914,1216482349,4,13,0.071,11348,803.286,0.068,0.009,0.457,23-2
1917,1191238382,4,3,0.068,9642,655.571,0.069,0.008,0.239,23-2
1917,-1212851123,4,2,0.058,8291,478.464,0.042,0.022,0.718,23-2
1917,-1212783519,4,5,0.067,8380,565.393,0.073,0.005,0.197,23-2
1915,1131847077,4,3,0.273,2528,690.25,0.217,0.049,0.405,23-2
1914,-722321567,4,13,0.053,12388,658.357,0.067,0.021,1.171,23-2
1915,1035262962,4,6,0.286,913,261.536,0.253,0.067,0.586,23-2
1915,-1035262959,4,3,0.202,3181,643.857,0.199,0.026,0.261,23-2
1916,1212849996,4,4,0.153,2937,450.571,0.175,0.033,0.406,23-2
1916,1212848930,4,5,0.348,2343,815.929,0.275,0.046,0.427,23-2
1916,-1212849356,4,7,0.251,2489,623.571,0.239,0.034,0.425,23-2
1922,1255282315,4,7,0.16,147,23.536,0.13,0.019,0.47,23-2
1922,-1217607631,4,7,0.076,293,22.214,0.074,0.023,0.953,23-2
1922,41491275,4,9,0.123,437,53.821,0.133,0.026,0.595,23-2
1922,-1111303150,4,7,0.178,477,85.036,0.122,0.027,0.617,23-2
1919,-1291758472,4,2,0.174,8492,1477.25,0.165,0.012,0.104,23-2
1919,-1291757255,4,7,0.228,1539,351.536,0.247,0.042,0.506,23-2
1919,825696695,4,8,0.261,1135,296.5,0.162,0.042,0.796,23-2
1919,-1242287764,4,5,0.144,6418,925,0.149,0.027,0.48,23-2
1919,825696700,4,5,0.167,5016,838.929,0.177,0.033,0.484,23-2
1919,-1291757047,4,8,0.164,770,125.929,0.167,0.024,0.483,23-2
1919,825690310,4,2,0.126,10326,1297.429,0.13,0.007,0.072,23-2
1919,825696697,4,8,0.195,5873,1144.429,0.154,0.019,0.386,23-2
1919,1291756380,4,7,0.082,6352,518.714,0.056,0.014,0.675,23-2
1924,-1232685161,4,6,0.158,2831,447.607,0.17,0.026,0.354,23-2
1924,1233395920,4,2,0.086,2115,181.357,0.112,0.037,0.471,23-2
1924,-1233395919,4,3,0.152,1717,261.214,0.13,0.025,0.375,23-2
1919,-1291756377,4,8,0.14,8019,1119.607,0.132,0.015,0.346,23-2
1924,-115872955,4,8,0.139,3672,510.143,0.111,0.02,0.441,23-2
1926,-1251307195,4,8,0.046,3689,168.071,0.043,0.003,0.176,23-2
1926,-711438574,4,8,0.041,5287,214.214,0.05,0.005,0.298,23-2
1926,1181195291,4,10,0.071,6128,435.393,0.055,0.007,0.461,23-2
1927,1251279575,4,5,0.167,2998,499.893,0.157,0.045,0.725,23-2
1920,786770162,4,1,0.259,21713,5633.643,0.259,0,0,23-2
1926,-1181195288,4,12,0.071,6915,492.107,0.057,0.008,0.457,23-2
1926,-1073487883,4,10,0.05,7497,376.536,0.053,0.005,0.323,23-2
1927,-715113421,4,5,0.274,2818,772.857,0.187,0.054,0.687,23-2
1926,1251316747,4,12,0.058,7154,411.357,0.06,0.007,0.425,23-2
1920,-786746246,4,1,0.306,19062,5832.286,0.306,0,0,23-2
1920,1119320527,4,2,0.237,20094,4756.857,0.211,0.036,0.243,23-2
1920,-1119320532,4,3,0.203,18833,3816.25,0.205,0.055,0.536,23-2
1930,-18793799,4,3,0.215,1506,323.643,0.229,0.038,0.312,23-2
1930,18793877,4,3,0.093,2073,192.25,0.108,0.04,0.703,23-2
1930,18857598,4,5,0.14,1493,209.5,0.172,0.058,0.783,23-2
1930,1304140886,4,3,0.225,1319,297.036,0.145,0.07,0.891,23-2
1930,-18793919,4,4,0.118,2541,299.179,0.125,0.033,0.573,23-2
1921,-1264599732000,4,3,0.17,1836,312.679,0.183,0.012,0.131,23-2
1921,1212182561000,4,4,0.062,4510,278.464,0.066,0.017,0.576,23-2
1929,1032831679,4,2,0.128,3275,419.25,0.138,0.014,0.148,23-2
1929,-1032831678,4,2,0.179,2876,515.607,0.145,0.049,0.475,23-2
1923,1210319031,4,4,0.129,5815,751.571,0.131,0.021,0.365,23-2
1923,-1210344663,4,4,0.147,5950,875.607,0.121,0.018,0.339,23-2
1934,1060796981,4,9,0.095,4576,434.536,0.059,0.017,0.919,23-2
1929,1032831673,4,12,0.169,5308,896.821,0.117,0.019,0.562,23-2
1929,-1281698198,4,12,0.118,4855,574.929,0.121,0.012,0.311,23-2
1934,-1313953768,4,9,0.149,2007,298.071,0.126,0.026,0.671,23-2
1923,-1210344287,4,12,0.105,6735,705.036,0.109,0.033,1.134,23-2
1923,1210484996,4,12,0.118,7208,853.571,0.118,0.034,1.054,23-2
1932,1283339491,4,2,0.209,6351,1325.464,0.199,0.013,0.093,23-2
1933,90959976,4,2,0.081,4027,327.786,0.081,0.001,0.016,23-2
1932,-1186230345,4,3,0.114,6053,689.429,0.117,0.009,0.148,23-2
1933,-1186408116,4,2,0.089,3713,330.643,0.095,0.008,0.117,23-2
1941,-1228688189,4,3,0.192,10164,1954.036,0.175,0.026,0.274,23-2
1941,-1228688191,4,2,0.156,11451,1785.679,0.179,0.032,0.256,23-2
1941,1306800085,4,3,0.034,4885,168.25,0.044,0.022,0.924,23-2
1941,1306800087,4,3,0.069,3225,222.393,0.098,0.05,0.882,23-2
1933,-1219805937,4,10,0.072,4652,335.893,0.081,0.022,0.85,23-2
1933,1219806579,4,10,0.104,5376,560.571,0.086,0.022,0.771,23-2
1932,877795660,4,16,0.093,5654,528.536,0.103,0.011,0.352,23-2
1932,-1219917943,4,17,0.14,5608,787.286,0.111,0.015,0.458,23-2
1941,1228688295,4,2,0.134,12218,1639.643,0.16,0.037,0.326,23-2
1941,1204425475,4,2,0.08,15428,1228.821,0.098,0.026,0.381,23-2
1941,1306790738,4,3,0.128,2847,363.536,0.133,0.018,0.26,23-2
1941,865606517,4,2,0.064,16908,1085.571,0.071,0.01,0.191,23-2
1941,-865606518,4,3,0.131,14390,1887.857,0.114,0.015,0.266,23-2
1941,1204282602,4,2,0.078,9860,770.821,0.094,0.023,0.339,23-2
1941,-1204291831,4,1,0.024,8352,196.786,0.024,0,0,23-2
1941,1306529472,4,3,0.089,4570,406.929,0.07,0.017,0.442,23-2
1941,-1197600846,4,3,0.148,6929,1024.107,0.121,0.025,0.416,23-2
1941,1306529451,4,2,0.017,6108,101.321,0.014,0.003,0.31,23-2
1941,101058909,4,1,0.076,6164,471.071,0.076,0,0,23-2
1941,-895140923,4,1,0.229,2953,676.321,0.229,0,0,23-2
1941,895140925,4,2,0.086,6388,550.286,0.088,0.003,0.048,23-2
1941,895140927,4,3,0.011,10752,116.964,0.007,0.003,0.824,23-2
1941,-1306800247,4,2,0.093,4813,448.179,0.101,0.012,0.163,23-2
1941,-114208579,4,3,0.137,5308,725.036,0.098,0.034,0.634,23-2
1941,-1228534433,4,3,0.151,6836,1032.857,0.141,0.037,0.516,23-2
1941,1085536045,4,4,0.067,8487,565.607,0.084,0.021,0.558,23-2
1941,-1204987432,4,2,0.134,6181,828.071,0.124,0.014,0.161,23-2
1939,1209705773,4,2,0.233,14877,3471.429,0.192,0.058,0.43,23-2
1939,1209663246,4,4,0.152,15561,2360.75,0.175,0.027,0.335,23-2
1939,-1209663262,4,4,0.125,16693,2085.143,0.149,0.023,0.365,23-2
1939,-1209357146,4,4,0.163,15825,2577,0.165,0.009,0.124,23-2
1936,-1313961862,4,3,0.159,4383,698.25,0.15,0.012,0.152,23-2
1936,1210015720,4,3,0.098,4753,466.786,0.121,0.02,0.317,23-2
1936,1313973347,4,8,0.092,4727,436.714,0.109,0.026,0.683,23-2
1938,1114331295,4,4,0.064,10553,678.25,0.055,0.038,1.489,23-2
1938,-1114331293,4,4,0.079,9979,787.5,0.045,0.034,1.741,23-2
1937,123351764,4,2,0.157,5510,863.464,0.078,0.111,2,23-2
1937,-1314042698,4,3,0.105,7151,748.607,0.113,0.011,0.181,23-2
1936,-110472573,4,8,0.116,4329,500.393,0.128,0.027,0.603,23-2
1937,1258704040,4,4,0.113,7816,879.679,0.097,0.011,0.243,23-2
1937,-98008086,4,4,0.102,5491,559.857,0.107,0.014,0.287,23-2
1940,1209442932,4,6,0.102,5630,573.036,0.089,0.025,0.793,23-2
1940,1209462690,4,6,0.13,3376,439.607,0.14,0.033,0.697,23-2
1940,-1297620963,4,8,0.109,9093,994.857,0.106,0.008,0.2,23-2
1940,1209461578,4,8,0.115,8592,984.107,0.122,0.009,0.209,23-2
1940,-1209464276,4,10,0.124,7279,900.5,0.107,0.015,0.426,23-2
1940,1291772482,4,10,0.13,7350,957.071,0.109,0.014,0.385,23-2
1945,-1251681241,4,2,0.268,3899,1043.107,0.273,0.008,0.039,23-2
1945,1251261068,4,4,0.296,8357,2475.821,0.235,0.06,0.511,23-2
1945,1251681244,4,2,0.304,3760,1143.357,0.249,0.078,0.446,23-2
1945,1251365981,4,2,0.204,1942,396.786,0.179,0.036,0.282,23-2
1945,-1251365978,4,2,0.165,2283,377.214,0.167,0.002,0.017,23-2
1945,-1251261064,4,8,0.136,10121,1374.714,0.145,0.019,0.422,23-2
1943,-1281952269,4,2,0.188,11166,2097.536,0.26,0.102,0.554,23-2
1945,-1212773852,4,4,0.143,11092,1587.643,0.176,0.035,0.413,23-2
1943,1113963474,4,3,0.279,10784,3006.821,0.227,0.045,0.377,23-2
1943,-1283465584,4,4,0.187,11725,2187.071,0.209,0.036,0.368,23-2
1945,836684974,4,8,0.143,9156,1305.071,0.152,0.017,0.341,23-2
1944,-995347544,4,5,0.232,1724,399.571,0.227,0.044,0.498,23-2
1944,1035091484,4,5,0.276,2113,583.143,0.209,0.052,0.631,23-2
1946,1112181087,4,5,0.143,12791,1823.607,0.122,0.013,0.268,23-2
1946,-1229987837,4,5,0.117,13443,1568.821,0.116,0.007,0.162,23-2
1946,-1231999564,4,14,0.128,11279,1446.393,0.132,0.012,0.383,23-2
1946,1269855356,4,14,0.129,11443,1475.286,0.126,0.012,0.384,23-2
1946,-741032089,4,21,0.238,3319,791,0.19,0.018,0.38,23-2
1951,-1291856117,4,7,0.14,5877,821.679,0.118,0.014,0.342,23-2
1946,1269863738,4,21,0.152,4004,606.607,0.128,0.01,0.293,23-2
1951,1209177710,4,7,0.122,6465,785.643,0.108,0.01,0.261,23-2
1951,-1231398299,4,13,0.148,4272,632.964,0.13,0.014,0.381,23-2
1948,1270065645,4,9,0.124,9482,1173.536,0.114,0.008,0.195,23-2
1948,-1270003239,4,9,0.097,10061,978.107,0.103,0.006,0.202,23-2
1948,-1270003224,4,10,0.121,9254,1121.071,0.122,0.007,0.189,23-2
1951,91004690,4,13,0.128,5649,723.571,0.111,0.012,0.341,23-2
1948,1270003202,4,10,0.178,7733,1376.679,0.139,0.015,0.358,23-2
2136,-1187711117,4,9,0.247,2682,662.643,0.148,0.042,0.907,23-2
2136,1004871805,4,2,0.096,11990,1155.714,0.089,0.01,0.166,23-2
2136,-1229451451,4,2,0.052,18238,942.643,0.049,0.004,0.105,23-2
2136,1220491153,4,9,0.067,9519,638.929,0.045,0.015,0.874,23-2
1950,-925789641,4,8,0.122,3947,482.929,0.05,0.044,2.237,23-2
1950,925789658,4,8,0.105,4018,420.75,0.033,0.031,2.885,23-2
1950,1208782356,4,12,0.178,9522,1698.036,0.138,0.029,0.657,23-2
1950,-1208721512,4,12,0.292,6112,1783.857,0.186,0.043,0.827,23-2
2161,1290418883,4,5,0.093,3116,289.179,0.103,0.01,0.219,23-2
1950,940784127,4,15,0.173,7957,1374.393,0.162,0.021,0.509,23-2
1950,-925789639,4,15,0.12,12951,1548.964,0.101,0.015,0.538,23-2
2161,1215947781,4,6,0.219,816,178.464,0.209,0.009,0.121,23-2
1950,98850546,4,16,0.244,4822,1178.5,0.17,0.026,0.632,23-2
2161,-1227089842,4,5,0.095,2836,268.607,0.087,0.012,0.37,23-2
2161,1186941473,4,5,0.046,7071,324.143,0.037,0.006,0.434,23-2
2161,-1187177558,4,6,0.164,1251,204.679,0.155,0.012,0.193,23-2
2161,1169224300,4,2,0.304,1051,319.107,0.432,0.182,0.595,23-2
1950,-1291814196,4,16,0.18,5256,944.607,0.153,0.015,0.351,23-2
2130,-101074260,4,4,0.064,3190,203.107,0.044,0.015,0.795,23-2
2130,-122717663,4,4,0.248,1005,249.143,0.2,0.034,0.402,23-2
2130,-1204402105,4,3,0.126,2465,311,0.122,0.018,0.295,23-2
2130,1170759335,4,4,0.069,2438,167.679,0.059,0.02,0.748,23-2
2130,101074226,4,3,0.053,4774,251.857,0.056,0.021,0.743,23-2
2161,-1169224301,4,5,0.277,924,255.786,0.295,0.028,0.206,23-2
2144,-1220802888,4,1,0.129,1075,139.036,0.129,0,0,23-2
2130,1204400894,4,3,0.118,2007,236.25,0.13,0.017,0.241,23-2
2144,-1220803138,4,2,0.107,2474,264.357,0.116,0.013,0.159,23-2
2130,-1128731698,4,4,0.122,1941,236.321,0.121,0.02,0.409,23-2
2144,1220802947,4,1,0.327,1003,327.679,0.327,0,0,23-2
2144,-1220804179,4,5,0.036,6073,220.643,0.039,0.008,0.552,23-2
2144,1220804584,4,5,0.168,1826,306.893,0.146,0.016,0.308,23-2
1956,-1194237277,4,3,0.14,6655,931.214,0.155,0.024,0.276,23-2
1956,1202098042,4,4,0.197,5293,1044.107,0.13,0.045,0.746,23-2
2145,1220802947,4,1,0.327,1003,327.679,0.327,0,0,23-2
2145,-1220803138,4,2,0.107,2474,264.357,0.116,0.013,0.159,23-2
2145,-1220802888,4,1,0.129,1075,139.036,0.129,0,0,23-2
2145,-1220804179,4,5,0.036,6073,220.643,0.039,0.008,0.552,23-2
2145,1220804584,4,5,0.168,1826,306.893,0.146,0.016,0.308,23-2
1955,-1212922626,4,2,0.094,11268,1055.429,0.096,0.003,0.047,23-2
1955,31994457,4,3,0.12,13590,1636.429,0.104,0.016,0.3,23-2
1955,-1212708290,4,7,0.135,10370,1404.214,0.111,0.013,0.332,23-2
1957,109878202,4,5,0.062,4792,299.429,0.058,0.018,0.735,23-2
1957,-1168809735,4,5,0.169,3153,534.286,0.109,0.042,0.935,23-2
1957,109875737,4,5,0.197,12292,2418.571,0.168,0.022,0.289,23-2
1957,-1168810918,4,6,0.15,14424,2165.571,0.131,0.012,0.239,23-2
1957,-109875494,4,6,0.142,16813,2383.571,0.119,0.017,0.378,23-2
1957,1193260259,4,6,0.241,8057,1940.571,0.224,0.02,0.191,23-2
1955,1212708622,4,9,0.084,13342,1124.643,0.091,0.009,0.285,23-2
1959,98263946,4,1,0.22,845,185.607,0.22,0,0,23-2
1959,98263954,4,1,0.163,1404,229.393,0.163,0,0,23-2
1964,91511151,4,1,0.219,13979,3057.786,0.219,0,0,23-2
1959,1205526774,4,2,0.094,1949,183.786,0.11,0.023,0.289,23-2
1964,-91511152,4,1,0.308,5621,1732.429,0.308,0,0,23-2
1959,-1205526773,4,2,0.235,1237,290.107,0.203,0.045,0.311,23-2
1964,-1125733895,4,1,0.202,12271,2477.071,0.202,0,0,23-2
1964,-91500097,4,1,0.214,15148,3239.5,0.214,0,0,23-2
1964,91500096,4,1,0.255,9061,2314,0.255,0,0,23-2
1964,-91500379,4,3,0.151,2461,372.321,0.128,0.035,0.494,23-2
1964,1125737004,4,2,0.22,3844,846.679,0.217,0.005,0.033,23-2
1964,-1125737005,4,3,0.195,2814,549.179,0.192,0.028,0.289,23-2
1964,91509777,4,3,0.095,4797,453.5,0.079,0.029,0.66,23-2
1964,1295224648,4,3,0.149,19079,2840.107,0.142,0.022,0.303,23-2
1964,134917425,4,3,0.149,14785,2195.643,0.169,0.018,0.186,23-2
1964,122671505,4,1,0.25,13934,3486.429,0.25,0,0,23-2
1964,1218152477,4,3,0.149,4168,621.786,0.136,0.054,0.781,23-2
1965,999594368,4,1,0.334,8862,2960.786,0.334,0,0,23-2
1964,-1218153530,4,3,0.214,4180,895.821,0.201,0.032,0.294,23-2
1965,-999594368,4,1,0.291,10415,3030.107,0.291,0,0,23-2
1962,-98264152,4,1,0.288,389,112.143,0.288,0,0,23-2
1965,123783428,4,2,0.346,8204,2835.964,0.294,0.073,0.349,23-2
1962,-18868241,4,1,0.222,1273,282.214,0.222,0,0,23-2
1965,-109045973,4,2,0.145,11177,1616.179,0.176,0.044,0.356,23-2
1961,-1065282879,4,1,0.356,19557,6960.929,0.356,0,0,23-2
1961,1156623855,4,2,0.259,14871,3844.393,0.32,0.087,0.384,23-2
1963,106120327,4,9,0.159,2250,358.5,0.117,0.028,0.64,23-2
1970,1073223619,4,3,0.157,2863,449.25,0.145,0.015,0.2,23-2
1970,-43013825,4,3,0.115,3313,380.786,0.095,0.021,0.439,23-2
1963,-908356816,4,9,0.101,2015,204.5,0.123,0.019,0.422,23-2
467,1310471700,4,1,0.168,10765,1810.5,0.168,0,0,23-2
467,948472935,4,1,0,1410,0,0,0,0,23-2
1970,1073223623,4,6,0.143,2598,371.429,0.142,0.045,0.96,23-2
1970,-1213810996,4,6,0.074,2715,200.321,0.111,0.04,1.036,23-2
467,1217966977,4,4,0.12,17286,2076.357,0.059,0.068,2.042,23-2
467,1125702886,4,4,0.089,20108,1796.393,0.044,0.051,2.032,23-2
1967,117268721,4,5,0.127,5839,741.357,0.116,0.009,0.223,23-2
1967,-1245379489,4,5,0.119,5842,697.75,0.116,0.009,0.208,23-2
467,-1310474503,4,12,0.106,16576,1757.786,0.071,0.053,1.69,23-2
467,-1217966975,4,12,0.125,16354,2038.75,0.067,0.051,1.853,23-2
1967,-1209740350,4,7,0.094,9407,880.786,0.088,0.015,0.464,23-2
1967,-18609454,4,7,0.117,7706,899.929,0.118,0.02,0.465,23-2
1967,-1162283212,4,9,0.149,2998,446.5,0.117,0.02,0.524,23-2
1967,1245379494,4,9,0.202,2205,446.036,0.177,0.031,0.492,23-2
1971,-1242032750,4,4,0.094,2532,239,0.098,0.002,0.057,23-2
1971,1213176466,4,7,0.106,14417,1521.179,0.071,0.015,0.609,23-2
1971,-1241969142,4,6,0.064,13828,888.821,0.065,0.013,0.513,23-2
1975,125162251,4,7,0.133,10747,1429.75,0.066,0.049,2.022,23-2
1975,1278734850,4,8,0.077,13342,1033.786,0.065,0.041,1.463,23-2
1975,-1240921507,4,8,0.076,13851,1048.393,0.078,0.008,0.31,23-2
1975,-1197056336,4,9,0.072,7445,538.357,0.076,0.005,0.203,23-2
1977,-1223506647,4,3,0.139,3091,430.357,0.212,0.072,0.684,23-2
1977,704520590,4,4,0.186,1687,313.679,0.178,0.029,0.378,23-2
1975,1278739672,4,11,0.125,17385,2169.821,0.101,0.011,0.407,23-2
1975,-1278736275,4,9,0.155,6747,1043.893,0.114,0.017,0.497,23-2
1975,19487417,4,8,0.138,13783,1907.679,0.093,0.02,0.627,23-2
1977,1223545314,4,4,0.169,1416,239.929,0.161,0.033,0.444,23-2
1972,-999916938,4,2,0.127,4772,605.679,0.171,0.063,0.519,23-2
1971,-1193689710,4,18,0.125,11559,1443.536,0.084,0.016,0.693,23-2
1977,90748137,4,3,0.212,2566,543.5,0.183,0.114,1.211,23-2
1972,999916939,4,2,0.227,4630,1051.429,0.193,0.048,0.351,23-2
1975,-1278736267,4,10,0.135,15947,2160.286,0.107,0.041,1.308,23-2
1971,1213730712,4,17,0.143,10942,1562.714,0.1,0.018,0.599,23-2
1973,816988561,4,4,0.218,1682,367.036,0.144,0.05,0.779,23-2
1972,99154456,4,5,0.173,4201,728.286,0.212,0.054,0.61,23-2
1973,1215827790,4,3,0.188,4039,760.571,0.137,0.049,0.704,23-2
1973,117306365,4,5,0.219,2263,496.071,0.246,0.108,1.094,23-2
1972,-19433628,4,6,0.252,2963,746.429,0.264,0.054,0.52,23-2
1973,-1215827232,4,3,0.212,2289,485,0.25,0.047,0.365,23-2
1973,-1264924961,4,5,0.317,2880,914.357,0.162,0.089,1.3,23-2
1973,-1215827102,4,4,0.139,1712,238.571,0.168,0.035,0.463,23-2
1976,1185276067,4,4,0.235,8317,1957.786,0.193,0.047,0.504,23-2
1976,-1222306390,4,5,0.349,4792,1674.179,0.294,0.067,0.55,23-2
1973,1289970678,4,19,0.058,5022,288.786,0.067,0.013,0.783,23-2
1973,-1289970218,4,19,0.157,2966,465.143,0.096,0.023,0.964,23-2
1980,1209897653,4,5,0.296,3021,895,0.232,0.044,0.466,23-2
1980,-711605409,4,6,0.254,1874,475.321,0.253,0.02,0.221,23-2
1980,1209715826,4,13,0.249,4863,1212.143,0.2,0.036,0.554,23-2
1983,-1209765687,4,4,0.22,8724,1920.714,0.164,0.04,0.573,23-2
1980,-1272305373,4,9,0.178,3277,582.75,0.185,0.023,0.455,23-2
1983,-1209883861,4,5,0.115,5183,595.179,0.1,0.012,0.278,23-2
1983,1209765864,4,5,0.141,4846,683.679,0.112,0.017,0.395,23-2
1983,1209766418,4,2,0.098,11302,1109,0.099,0.002,0.026,23-2
1983,-1209766417,4,2,0.165,9507,1564.893,0.149,0.022,0.208,23-2
1980,-1209764729,4,13,0.27,4971,1343.214,0.211,0.04,0.479,23-2
1983,762165048,4,5,0.099,9901,976.893,0.094,0.004,0.092,23-2
1983,-762165042,4,6,0.107,5669,607.107,0.093,0.01,0.259,23-2
1983,1209766570,4,4,0.232,5251,1219.536,0.217,0.04,0.428,23-2
1983,762165040,4,6,0.129,7069,911.679,0.098,0.016,0.45,23-2
1983,-762165044,4,5,0.135,8858,1191.679,0.12,0.01,0.218,23-2
1983,762165035,4,13,0.089,10466,935.786,0.074,0.008,0.329,23-2
1983,-762165036,4,18,0.084,7120,600.571,0.046,0.011,1.021,23-2
1989,-945587126000,4,5,0.078,5448,424.964,0.084,0.009,0.246,23-2
1983,-1210099126,4,13,0.15,7830,1177.786,0.108,0.017,0.58,23-2
1989,1215141752000,4,5,0.083,6377,528.214,0.076,0.009,0.258,23-2
1989,-1215141923000,4,7,0.08,5657,450.75,0.077,0.013,0.519,23-2
1986,1210496982,4,4,0.143,2927,417.357,0.148,0.036,0.583,23-2
1989,1145743111000,4,7,0.073,6104,444.643,0.075,0.011,0.406,23-2
1986,1212822831,4,4,0.128,3531,450.536,0.122,0.038,0.715,23-2
1986,-1218480563,4,4,0.252,2165,545.857,0.182,0.049,0.6,23-2
1986,-1210497136,4,4,0.158,2860,452.536,0.164,0.048,0.714,23-2
1984,1291807739,4,8,0.102,1989,203.536,0.138,0.05,0.961,23-2
1991,1213325598,4,10,0.179,7047,1260.357,0.158,0.018,0.312,23-2
1991,1285449396,4,10,0.22,3579,788.214,0.21,0.024,0.396,23-2
1991,1255511270,4,10,0.188,6577,1235.393,0.15,0.033,0.521,23-2
1991,-1255504158,4,10,0.124,7627,943.714,0.099,0.015,0.432,23-2
1991,-1213330321,4,10,0.189,5843,1102.429,0.15,0.023,0.424,23-2
1991,-1255511298,4,10,0.217,6923,1500.5,0.182,0.026,0.392,23-2
1984,-1204095136,4,5,0.238,3686,878.75,0.141,0.059,1.009,23-2
1984,1204095134,4,5,0.273,2471,674.929,0.252,0.083,0.796,23-2
1991,-1213404201,4,14,0.182,6079,1104.679,0.172,0.016,0.349,23-2
1984,-1204095138,4,5,0.209,10144,2122.607,0.231,0.073,0.793,23-2
1991,1255511274,4,14,0.181,5806,1049.821,0.174,0.02,0.402,23-2
1984,1291809938,4,8,0.174,9335,1627.179,0.176,0.045,0.784,23-2
1984,-1209987536,4,8,0.18,1762,317.857,0.179,0.052,0.914,23-2
1984,-1291812747,4,8,0.26,9749,2532.821,0.167,0.041,0.753,23-2
1988,-98313065000,4,6,0.089,8481,758.75,0.092,0.006,0.182,23-2
1988,1219808930000,4,6,0.161,9340,1501,0.135,0.022,0.373,23-2
1985,18875426,4,1,0.148,2645,390.821,0.148,0,0,23-2
1988,-1243594632000,4,10,0.16,6535,1048.607,0.099,0.024,0.803,23-2
1985,-18875426,4,1,0.154,3561,547.75,0.154,0,0,23-2
1985,-18875429,4,1,0.161,905,146.036,0.161,0,0,23-2
1988,1243488894000,4,10,0.078,7489,586.857,0.111,0.021,0.66,23-2
1985,1210659213,4,2,0.192,3033,581.857,0.167,0.036,0.301,23-2
1985,1210659214,4,2,0.085,4248,360.321,0.113,0.039,0.493,23-2
1994,1074087437,4,8,0.083,15673,1297.214,0.086,0.006,0.19,23-2
1996,-1233600673,4,6,0.14,1238,173.071,0.103,0.021,0.55,23-2
1994,-124174526,4,8,0.067,19168,1283,0.067,0.005,0.227,23-2
1996,1233156977,4,6,0.133,1671,221.679,0.112,0.021,0.486,23-2
1657,-18873094,4,1,0.253,503,127.429,0.253,0,0,23-2
1657,18873092,4,1,0.114,4709,537.071,0.114,0,0,23-2
1657,98331384,4,2,0.165,1138,188.143,0.109,0.08,1.045,23-2
1657,1210190122,4,6,0.075,2828,211.036,0.083,0.019,0.622,23-2
1657,1314191969,4,4,0.092,4870,447.964,0.083,0.028,0.746,23-2
1657,-18873078,4,1,0.077,5680,438.5,0.077,0,0,23-2
1657,-98317865,4,4,0.175,1596,279.571,0.138,0.034,0.517,23-2
1657,-110465067,4,6,0.086,3987,343.75,0.057,0.019,0.853,23-2
1997,-1244934900,4,3,0.046,9662,443.571,0.048,0.005,0.191,23-2
1994,-1209312251,4,19,0.069,19778,1360.179,0.065,0.008,0.39,23-2
1997,1244934881,4,3,0.072,8165,588.536,0.06,0.011,0.306,23-2
1994,1209310297,4,19,0.093,15790,1473.429,0.089,0.01,0.393,23-2
1997,1244934813,4,9,0.061,7436,454.714,0.061,0.005,0.267,23-2
1997,-1245082607,4,9,0.057,9600,550.393,0.05,0.005,0.257,23-2
1999,1264617457,4,4,0.146,2172,316.214,0.129,0.038,0.668,23-2
1999,-755725786,4,4,0.118,2942,345.75,0.075,0.029,0.857,23-2
1998,1205564395,4,2,0.134,7498,1001.357,0.109,0.035,0.447,23-2
1998,-1206035389,4,6,0.178,5987,1065.036,0.15,0.02,0.347,23-2
1998,-1205503629,4,6,0.085,4086,348.821,0.074,0.009,0.286,23-2
1998,1206035286,4,7,0.159,3101,493.536,0.123,0.025,0.555,23-2
1998,-1206035361,4,8,0.151,6331,958.786,0.119,0.017,0.405,23-2
1998,1205549513,4,8,0.1,7118,712.821,0.1,0.008,0.245,23-2
1998,-1205549345,4,2,0.104,6568,684.536,0.13,0.036,0.396,23-2
1998,843800674,4,9,0.13,4801,625.929,0.114,0.017,0.428,23-2
1998,843800676,4,9,0.221,3018,666.857,0.171,0.024,0.475,23-2
1998,-1206034702,4,7,0.149,2880,429.571,0.124,0.018,0.423,23-2
1998,1206034668,4,6,0.103,3602,372.643,0.092,0.012,0.29,23-2
1998,1149816819,4,4,0.2,3729,747.321,0.161,0.026,0.343,23-2
1998,-1206080582,4,4,0.097,5775,557.75,0.105,0.015,0.31,23-2
1998,1205504173,4,6,0.116,7331,848.643,0.126,0.009,0.186,23-2
2006,22701050,4,1,0.068,9814,663.964,0.068,0,0,23-2
2006,1058905939,4,4,0.112,3570,400.036,0.097,0.017,0.386,23-2
2006,-22701050,4,4,0.054,11792,641.893,0.038,0.012,0.703,23-2
2006,-1272453975,4,6,0.157,3176,499.393,0.149,0.023,0.433,23-2
2006,1277103327,4,6,0.193,2998,579.429,0.187,0.013,0.196,23-2
2006,-1205606119,4,8,0.213,4346,923.857,0.185,0.024,0.351,23-2
2006,-1277063146,4,3,0.077,8029,615.643,0.068,0.009,0.252,23-2
2006,1149816832,4,7,0.073,10607,773,0.069,0.008,0.313,23-2
2006,-1205561296,4,21,0.127,7510,952.679,0.101,0.018,0.793,23-2
2006,-1089451077,4,14,0.152,3109,472.5,0.197,0.033,0.719,23-2
2006,1205605231,4,14,0.251,2611,654.893,0.217,0.038,0.656,23-2
2006,-1149815974,4,5,0.318,2169,690.75,0.298,0.024,0.189,23-2
2006,1276970977,4,1,0.076,2950,224.607,0.076,0,0,23-2
2006,22702269,4,8,0.137,6893,944.5,0.098,0.02,0.622,23-2
2006,1268583853,4,25,0.201,3767,758,0.206,0.035,0.811,23-2
2006,1276970976,4,7,0.118,2370,280.536,0.105,0.029,0.749,23-2
2006,1206651660,4,6,0.301,2048,617.143,0.283,0.014,0.147,23-2
2006,1257945036,4,5,0.101,5193,525.5,0.091,0.006,0.162,23-2
2006,1205604147,4,22,0.274,2985,817,0.196,0.029,0.558,23-2
2007,1244938901000,4,3,0.086,8275,709.643,0.089,0.004,0.089,23-2
2006,-22702235,4,22,0.164,4264,699.357,0.149,0.023,0.598,23-2
2007,1264653402000,4,4,0.108,11242,1212.143,0.08,0.019,0.523,23-2
2006,843804126,4,8,0.036,9454,338.214,0.029,0.006,0.53,23-2
2007,-736433214000,4,2,0.084,10353,870.429,0.092,0.012,0.178,23-2
2007,90777973000,4,2,0.191,5492,1051.679,0.174,0.025,0.2,23-2
2007,-1223106219000,4,4,0.064,11500,738.5,0.075,0.016,0.468,23-2
2007,-1244938860000,4,3,0.086,8279,714.75,0.09,0.009,0.194,23-2
2007,-1244939103000,4,9,0.1,3818,382.857,0.108,0.011,0.273,23-2
2007,1244939126000,4,9,0.177,2892,512.571,0.163,0.017,0.287,23-2
2013,-1000762743000,4,3,0.082,15915,1311.75,0.062,0.022,0.716,23-2
2013,36308647000,4,4,0.09,11032,993.393,0.063,0.02,0.725,23-2
2013,1200771482000,4,3,0.072,11269,813.357,0.057,0.015,0.518,23-2
2013,-1189780233000,4,5,0.073,11369,827.821,0.064,0.013,0.436,23-2
2009,-90839426,4,5,0.226,7832,1769.786,0.179,0.029,0.439,23-2
2175,809173058,4,1,0.123,2804,345.821,0.123,0,0,23-2
2175,-1309229343,4,1,0.274,1768,484.357,0.274,0,0,23-2
2009,1241997211,4,5,0.106,8472,898.464,0.167,0.041,0.692,23-2
2175,1309225500,4,10,0.138,2908,401,0.1,0.021,0.637,23-2
2015,-1264630527,4,5,0.025,11861,296.321,0.028,0.004,0.38,23-2
2015,1264630519,4,5,0.043,12671,549.357,0.03,0.007,0.592,23-2
2175,-1294231723,4,9,0.063,4821,304,0.058,0.008,0.404,23-2
2015,117288028,4,2,0.028,17868,499.214,0.034,0.008,0.337,23-2
2015,-758703296,4,2,0.049,20044,980.179,0.047,0.003,0.08,23-2
2017,106835476,4,3,0.195,642,125.357,0.215,0.019,0.179,23-2
2017,-778188926,4,2,0.152,263,40,0.14,0.017,0.173,23-2
2015,1056681169,4,17,0.034,15602,528.429,0.029,0.003,0.344,23-2
2015,1056382593,4,17,0.04,15590,628.5,0.035,0.004,0.36,23-2
2017,125284695,4,1,0.26,659,171.536,0.26,0,0,23-2
2015,1264627587,4,20,0.058,7036,407.179,0.041,0.006,0.598,23-2
2017,-1239911956,4,2,0.305,292,89.143,0.213,0.13,0.864,23-2
2016,-830319729,4,2,0.205,2745,561.464,0.239,0.049,0.29,23-2
2015,1173025425,4,20,0.025,8330,209.036,0.034,0.009,1.124,23-2
2016,1208975914,4,3,0.304,3671,1116.464,0.252,0.061,0.472,23-2
2015,-1264534690,4,20,0.052,8076,417.107,0.04,0.005,0.444,23-2
2015,-756630498,4,20,0.054,6905,369.75,0.041,0.006,0.602,23-2
2016,1208954813,4,2,0.313,2209,691.357,0.254,0.084,0.468,23-2
2016,-1208975949,4,3,0.136,3868,527,0.129,0.03,0.449,23-2
2020,-1215814436,4,3,0.086,8248,712.786,0.088,0.004,0.096,23-2
2020,724756953,4,4,0.092,8992,823.286,0.079,0.009,0.257,23-2
2023,1264661734000,4,6,0.114,1746,198.179,0.094,0.016,0.405,23-2
2020,-1215827812,4,9,0.105,7553,790.679,0.094,0.017,0.455,23-2
2020,1215826095,4,9,0.071,9012,642.429,0.076,0.015,0.486,23-2
2023,-1172914812000,4,6,0.061,3230,196.929,0.05,0.007,0.335,23-2
2021,1245120693,4,5,0.095,2730,259.25,0.107,0.016,0.382,23-2
2021,-1289978865,4,5,0.157,2153,338.893,0.128,0.02,0.366,23-2
2021,-1292853101,4,5,0.135,7947,1073.857,0.109,0.024,0.427,23-2
2021,1215731753,4,7,0.098,3594,352.429,0.107,0.017,0.412,23-2
2021,-1215838649,4,7,0.152,3553,541.25,0.112,0.025,0.534,23-2
2021,1215839878,4,5,0.107,7152,763.964,0.129,0.029,0.467,23-2
2021,1215815537,4,8,0.096,6117,585.571,0.1,0.022,0.624,23-2
2021,-1292561643,4,8,0.11,7101,781.143,0.093,0.022,0.657,23-2
2022,1220441839,4,2,0.258,4605,1190.25,0.212,0.065,0.434,23-2
2022,-1220441838,4,2,0.168,5800,972.964,0.189,0.03,0.223,23-2
2018,1311172937,4,9,0.204,5066,1035.464,0.187,0.041,0.634,23-2
2018,-1311172890,4,9,0.128,6257,801.107,0.172,0.036,0.624,23-2
2022,-1308323830,4,8,0.18,4855,872.714,0.142,0.028,0.504,23-2
2025,-1173037964,4,1,0.144,590,84.714,0.144,0,0,23-2
2025,-18903785,4,2,0.082,1600,131,0.105,0.032,0.437,23-2
2025,1173037964,4,1,0.067,1409,94.821,0.067,0,0,23-2
2022,1308320735,4,8,0.153,4321,661.714,0.154,0.029,0.531,23-2
2025,18902668,4,1,0.213,1312,279.75,0.213,0,0,23-2
2025,821546187,4,2,0.283,1429,404.179,0.235,0.067,0.404,23-2
1755,1270815096,4,6,0.149,2606,388.464,0.138,0.03,0.555,23-2
1755,-1270816146,4,10,0.179,3302,590.821,0.141,0.031,0.696,23-2
1755,1270815056,4,2,0.136,11016,1500.821,0.124,0.017,0.2,23-2
2025,-1216900436,4,12,0.075,1836,138.036,0.078,0.006,0.257,23-2
2025,1264513476,4,12,0.174,691,120.393,0.206,0.022,0.366,23-2
1755,-1270815091,4,9,0.124,12087,1493.5,0.117,0.011,0.319,23-2
1755,-1270815055,4,2,0.102,11976,1222.786,0.117,0.021,0.257,23-2
1755,1266299064,4,6,0.242,1411,341.643,0.171,0.043,0.676,23-2
1823,-1275672932,4,4,0.156,15573,2431.821,0.161,0.021,0.314,23-2
1823,1275672853,4,4,0.289,11557,3340.214,0.222,0.045,0.436,23-2
1755,1209590548,4,9,0.139,12422,1731.393,0.119,0.01,0.287,23-2
1823,-109042547,4,4,0.231,12984,2999.929,0.21,0.031,0.302,23-2
1755,1308961055,4,10,0.204,2481,505.857,0.129,0.028,0.779,23-2
1823,105189067,4,4,0.213,10468,2228.286,0.226,0.026,0.259,23-2
1755,-1270816202,4,21,0.149,11418,1697.893,0.126,0.012,0.293,23-2
1755,1270816150,4,21,0.118,10980,1299.571,0.121,0.015,0.45,23-2
988,1262873149,4,11,0.072,11304,814.357,0.075,0.011,0.455,23-2
988,1219304546,4,6,0.139,6568,911.75,0.136,0.021,0.423,23-2
988,-755202131,4,5,0.13,10425,1356.679,0.098,0.019,0.469,23-2
1822,-1215141106,4,2,0.071,2695,191.607,0.061,0.015,0.339,23-2
1822,-1215090210,4,4,0.067,12333,820.214,0.062,0.005,0.191,23-2
1822,1215141107,4,2,0.079,2236,177.75,0.08,0.001,0.014,23-2
1822,-1215141847,4,1,0.112,5521,620.143,0.112,0,0,23-2
1822,1215141847,4,1,0.195,4816,939.321,0.195,0,0,23-2
1822,-1215096172,4,4,0.061,10831,659.143,0.062,0.006,0.221,23-2
988,-1220495551,4,14,0.13,11299,1467.857,0.084,0.015,0.741,23-2
1830,-1188078556,4,5,0.222,1144,253.643,0.199,0.021,0.205,23-2
1830,108617999,4,5,0.234,1316,308.286,0.175,0.039,0.56,23-2
1831,1225613353,4,2,0.264,1648,434.893,0.211,0.075,0.501,23-2
1831,1225605149,4,6,0.184,5936,1095.071,0.127,0.029,0.6,23-2
1831,-1190581964,4,5,0.078,9433,740.036,0.07,0.007,0.263,23-2
1831,1230653801,4,9,0.221,2859,631.929,0.159,0.027,0.522,23-2
1826,1219314209,4,4,0.19,4672,887.357,0.116,0.049,0.879,23-2
1826,-913494117,4,4,0.221,12667,2797.714,0.158,0.05,0.669,23-2
1831,-867297071,4,8,0.211,2545,537.536,0.169,0.033,0.508,23-2
1826,755214852,4,5,0.142,11622,1647.321,0.147,0.042,0.686,23-2
1826,-755214846,4,4,0.101,6084,614.893,0.101,0.043,1.01,23-2
1826,1219316089,4,6,0.142,11294,1603.357,0.138,0.012,0.249,23-2
1826,-1219477788,4,5,0.121,12847,1560,0.137,0.014,0.219,23-2
1854,1310403593,4,9,0.07,3007,210.5,0.05,0.01,0.606,23-2
1854,-1217023541,4,9,0.042,3577,151.929,0.04,0.005,0.387,23-2
1854,-1311132808,4,11,0.108,2692,291.893,0.082,0.02,0.688,23-2
1854,1216910952,4,11,0.101,3404,342.75,0.07,0.018,0.775,23-2
1827,1034904511,4,7,0.287,3806,1093.893,0.212,0.042,0.568,23-2
1827,-1220683796,4,7,0.14,4247,596.393,0.13,0.028,0.673,23-2
1853,1150596253,4,7,0.203,3558,723.143,0.209,0.027,0.322,23-2
1853,-1150596254,4,10,0.111,6491,721.75,0.128,0.019,0.517,23-2
1853,-1150596256,4,9,0.154,6091,936.571,0.145,0.014,0.242,23-2
1853,-1278252496,4,7,0.179,4771,853.429,0.143,0.018,0.43,23-2
1853,857274188,4,10,0.106,8169,869.964,0.105,0.016,0.498,23-2
1853,1278252499,4,9,0.132,7262,962.214,0.116,0.012,0.276,23-2
1853,1150596251,4,15,0.128,7362,943.25,0.135,0.02,0.454,23-2
1853,-1278248251,4,15,0.112,8361,940.5,0.119,0.017,0.472,23-2
1859,-1194182979,4,12,0.189,1232,232.607,0.174,0.018,0.36,23-2
1859,-1278148904,4,12,0.204,1652,336.321,0.129,0.054,1.296,23-2
1859,1278148921,4,12,0.154,2346,362.214,0.114,0.017,0.502,23-2
1860,-1209265172,4,6,0.146,9108,1329,0.133,0.022,0.412,23-2
1859,1150547839,4,12,0.05,1886,94.786,0.143,0.06,1.342,23-2
1860,125108484,4,6,0.124,10116,1254.429,0.143,0.019,0.321,23-2
1860,1292357879,4,5,0.123,8369,1032.571,0.152,0.029,0.422,23-2
1860,-1209271462,4,7,0.137,10828,1488.643,0.132,0.023,0.441,23-2
1839,115882991,4,5,0.056,698,39.357,0.087,0.022,0.602,23-2
1834,-1205035713,4,9,0.014,6017,81.893,0.041,0.013,1.011,23-2
1839,-98110561,4,5,0.182,461,83.786,0.165,0.033,0.522,23-2
1834,753893002,4,9,0.065,5065,331.179,0.042,0.02,1.356,23-2
1839,-115917076,4,1,0.101,1528,154.857,0.101,0,0,23-2
1839,115917076,4,1,0.072,1038,74.964,0.072,0,0,23-2
1845,1238349053000,4,5,0.11,3223,355.857,0.101,0.012,0.289,23-2
1845,-1202559630000,4,7,0.088,2815,247.964,0.093,0.011,0.328,23-2
1845,-1202559192000,4,5,0.171,2278,389.107,0.145,0.017,0.331,23-2
1845,1202559633000,4,8,0.081,3430,278.571,0.078,0.01,0.387,23-2
1835,-1291678670,4,6,0.151,4673,703.571,0.139,0.019,0.335,23-2
1835,1121760279,4,6,0.108,5755,618.75,0.12,0.025,0.471,23-2
1856,108763452,4,3,0.265,4808,1274.679,0.19,0.065,0.622,23-2
1856,-735859557,4,3,0.13,4639,605.357,0.149,0.04,0.484,23-2
1843,-958054786000,4,2,0.085,3132,265.393,0.244,0.226,1.307,23-2
1843,-777812805000,4,1,0.256,2041,523.393,0.256,0,0,23-2
1835,-1121766199,4,13,0.145,4321,627.857,0.147,0.018,0.462,23-2
1835,1183441281,4,13,0.119,4562,544.821,0.128,0.014,0.419,23-2
1843,-1202561127000,4,4,0.168,3606,607.214,0.166,0.028,0.404,23-2
1843,1202560503000,4,4,0.145,5545,805.679,0.118,0.02,0.406,23-2
1843,1202659737000,4,7,0.145,4150,601.357,0.126,0.016,0.365,23-2
1836,-1114888719,4,5,0.091,9949,900.464,0.083,0.015,0.406,23-2
1843,-18867618000,4,11,0.143,5917,847.643,0.158,0.02,0.433,23-2
1857,-1220030502,4,3,0.141,14177,1998.857,0.167,0.024,0.287,23-2
1857,1220057389,4,2,0.178,12907,2300.5,0.186,0.011,0.083,23-2
1836,1209315291,4,5,0.098,11377,1110.786,0.077,0.013,0.391,23-2
1857,1220031107,4,2,0.139,16598,2312,0.144,0.007,0.069,23-2
1857,1220039651,4,1,0.183,14933,2726.393,0.183,0,0,23-2
1857,1219928181,4,4,0.215,10818,2323.786,0.187,0.027,0.322,23-2
1857,854356611,4,7,0.178,3221,572.786,0.124,0.059,1.439,23-2
1836,-1209379089,4,11,0.065,12704,828.25,0.064,0.004,0.183,23-2
1857,-1220039441,4,4,0.239,11125,2662.25,0.192,0.034,0.378,23-2
1836,762825173,4,11,0.066,13176,865.071,0.069,0.004,0.214,23-2
1857,-1220030977,4,5,0.209,11558,2409.857,0.166,0.036,0.481,23-2
1846,-122717663,4,4,0.248,1005,249.143,0.2,0.034,0.402,23-2
1846,-101074260,4,4,0.064,3190,203.107,0.044,0.015,0.795,23-2
1846,1170759335,4,4,0.069,2438,167.679,0.059,0.02,0.748,23-2
1846,-1204402105,4,3,0.126,2465,311,0.122,0.018,0.295,23-2
1846,101074226,4,3,0.053,4774,251.857,0.056,0.021,0.743,23-2
1846,-1128731698,4,4,0.122,1941,236.321,0.121,0.02,0.409,23-2
1846,1204400894,4,3,0.118,2007,236.25,0.13,0.017,0.241,23-2
1857,-1220048629,4,7,0.136,3741,509.75,0.118,0.055,1.456,23-2
1864,-926422307,4,4,0.194,5292,1025.464,0.134,0.043,0.773,23-2
1864,-1237031532,4,3,0.138,4851,667.071,0.128,0.026,0.389,23-2
1864,1058939514,4,3,0.237,5411,1281.321,0.189,0.057,0.585,23-2
1864,-99142532,4,3,0.257,4179,1071.964,0.226,0.068,0.557,23-2
1864,1212265952,4,5,0.137,5778,791.107,0.115,0.02,0.41,23-2
1864,1255042472,4,3,0.167,5856,977.107,0.132,0.037,0.561,23-2
1864,-1074995021,4,5,0.203,3861,783.75,0.138,0.041,0.763,23-2
1862,1230187717,4,5,0.098,1118,109.179,0.088,0.026,0.712,23-2
1862,1230187079,4,5,0.138,1238,170.714,0.092,0.03,0.763,23-2
1864,1212311479,4,6,0.175,5442,950.893,0.122,0.034,0.746,23-2
1837,-1209364095,4,3,0.246,5563,1366.893,0.211,0.036,0.34,23-2
1837,-31403673,4,6,0.088,1348,118.464,0.077,0.011,0.346,23-2
1837,826627718,4,3,0.227,3978,901.036,0.252,0.025,0.194,23-2
1837,826627719,4,6,0.092,1774,163.393,0.074,0.015,0.463,23-2
1837,1310967466,4,7,0.089,2345,207.571,0.069,0.016,0.514,23-2
1837,-1209389282,4,7,0.144,1202,173,0.094,0.028,0.815,23-2
1837,-1291677360,4,10,0.222,4132,919.357,0.205,0.024,0.365,23-2
1837,-1209373594,4,10,0.199,3553,708.321,0.191,0.02,0.313,23-2
1863,-1199845387,4,1,0.179,1685,301.286,0.179,0,0,23-2
1848,1220491153,4,9,0.067,9519,638.929,0.045,0.015,0.874,23-2
1848,-1187711117,4,9,0.247,2682,662.643,0.148,0.042,0.907,23-2
1848,1004871805,4,2,0.096,11990,1155.714,0.089,0.01,0.166,23-2
1848,-1229451451,4,2,0.052,18238,942.643,0.049,0.004,0.105,23-2
1883,-1203986074,4,4,0.1,8317,833.107,0.116,0.018,0.284,23-2
1883,826730807,4,5,0.246,6314,1552.179,0.172,0.049,0.73,23-2
1883,826730814,4,6,0.134,13358,1787.393,0.099,0.018,0.49,23-2
1867,-812654407,4,17,0.07,4655,327,0.057,0.006,0.337,23-2
1883,-826730803,4,7,0.204,8935,1823.107,0.154,0.025,0.522,23-2
1867,1211933268,4,17,0.068,5355,362.75,0.056,0.005,0.313,23-2
1883,-1295657797,4,6,0.075,15520,1161.643,0.079,0.008,0.246,23-2
1883,1203985730,4,5,0.144,8184,1179.679,0.141,0.024,0.423,23-2
1883,-827869378,4,14,0.103,9737,1000.214,0.087,0.01,0.356,23-2
1865,1212172897000,4,5,0.113,2454,276.429,0.097,0.013,0.294,23-2
1883,1299190512,4,14,0.07,13914,970.964,0.063,0.006,0.331,23-2
1874,-1223724164,4,2,0.35,9000,3145.821,0.322,0.039,0.172,23-2
1865,-1212169806000,4,5,0.127,4306,547.893,0.085,0.025,0.697,23-2
1874,106863128,4,3,0.18,10619,1908.214,0.191,0.014,0.143,23-2
1874,781983840,4,2,0.3,9189,2758.321,0.318,0.026,0.114,23-2
1874,-791151826,4,3,0.323,7817,2521.179,0.279,0.038,0.253,23-2
1878,-115966660,4,4,0.077,4410,340.643,0.09,0.021,0.511,23-2
1878,828842659,4,4,0.201,3426,688.571,0.162,0.041,0.505,23-2
1849,1220802947,4,1,0.327,1003,327.679,0.327,0,0,23-2
1849,-1220803138,4,2,0.107,2474,264.357,0.116,0.013,0.159,23-2
1849,-1220802888,4,1,0.129,1075,139.036,0.129,0,0,23-2
1849,-1220804179,4,5,0.036,6073,220.643,0.039,0.008,0.552,23-2
1849,1220804584,4,5,0.168,1826,306.893,0.146,0.016,0.308,23-2
1850,1290418883,4,5,0.093,3116,289.179,0.103,0.01,0.219,23-2
1878,782722461,4,5,0.156,2326,362.143,0.148,0.022,0.376,23-2
1850,1215947781,4,6,0.219,816,178.464,0.209,0.009,0.121,23-2
1850,-1227089842,4,5,0.095,2836,268.607,0.087,0.012,0.37,23-2
1850,-1187177558,4,6,0.164,1251,204.679,0.155,0.012,0.193,23-2
1850,1186941473,4,5,0.046,7071,324.143,0.037,0.006,0.434,23-2
1850,1169224300,4,2,0.304,1051,319.107,0.432,0.182,0.595,23-2
1850,-1169224301,4,5,0.277,924,255.786,0.295,0.028,0.206,23-2
1878,-828842660,4,5,0.169,2831,477.214,0.154,0.025,0.406,23-2
1878,1295824377,4,4,0.146,4275,626,0.16,0.034,0.488,23-2
1878,828842655,4,4,0.173,2081,360.893,0.173,0.035,0.489,23-2
1878,1299283813,4,7,0.213,3148,669.429,0.191,0.032,0.408,23-2
1872,-1212305019,4,6,0.049,1064,52.464,0.042,0.006,0.38,23-2
1872,1237508980,4,3,0.125,7861,981.25,0.142,0.015,0.199,23-2
1878,-828842656,4,7,0.204,4682,954.143,0.144,0.033,0.618,23-2
1872,1192258601,4,6,0.06,752,45.036,0.054,0.005,0.261,23-2
1872,-1212310629,4,6,0.191,5974,1143.036,0.164,0.029,0.393,23-2
1872,-1212306315,4,3,0.165,6406,1056.321,0.15,0.022,0.267,23-2
1872,117307160,4,6,0.147,5761,845.143,0.165,0.03,0.464,23-2
1869,117304537,4,1,0.069,3147,215.821,0.069,0,0,23-2
1869,-117304537,4,2,0.121,3389,409.536,0.109,0.016,0.211,23-2
1869,117304530,4,1,0.035,3050,108.143,0.035,0,0,23-2
1869,-36312937,4,2,0.064,1643,104.429,0.098,0.049,0.704,23-2
1869,18629281,4,2,0.119,2719,324.429,0.073,0.066,1.286,23-2
1869,1212578940,4,8,0.313,603,188.607,0.134,0.073,1.628,23-2
1869,1124923234,4,6,0.211,809,170.357,0.156,0.042,0.702,23-2
1869,18618084,4,1,0.186,1628,302.464,0.186,0,0,23-2
1869,-18618084,4,1,0.096,2398,231.143,0.096,0,0,23-2
1869,-18618086,4,1,0.132,1939,255.679,0.132,0,0,23-2
1869,-1212579321,4,6,0.101,567,57.357,0.108,0.047,1.165,23-2
1869,-966260808,4,8,0.118,633,74.536,0.12,0.07,1.755,23-2
1870,-1215163791,4,4,0.075,10185,760.786,0.075,0.011,0.327,23-2
1869,1255580863,4,13,0.145,1933,280.536,0.133,0.017,0.453,23-2
1870,-1215155748,4,3,0.091,10763,974.107,0.077,0.015,0.381,23-2
1869,-1212578990,4,13,0.201,2001,401.679,0.139,0.023,0.58,23-2
1870,-1056815285,4,5,0.073,12771,938.107,0.071,0.004,0.13,23-2
1870,1215176536,4,3,0.073,11264,822.429,0.066,0.014,0.368,23-2
1870,1215151848,4,7,0.088,12258,1084.679,0.071,0.018,0.637,23-2
1870,1215163150,4,4,0.057,9639,550.214,0.06,0.01,0.359,23-2
1871,-1222244717,4,3,0.291,8165,2379.536,0.29,0.097,0.668,23-2
1871,-117286653,4,4,0.247,10847,2682.857,0.179,0.054,0.734,23-2
1871,90774229,4,3,0.349,8896,3105.643,0.258,0.09,0.693,23-2
1871,907070903,4,4,0.182,9697,1761.143,0.192,0.062,0.782,23-2
1870,708326683,4,10,0.068,6429,434.179,0.055,0.021,1.167,23-2
1870,-1215156207,4,10,0.052,7063,365.464,0.06,0.009,0.416,23-2
1866,1264653406,4,5,0.092,10860,1002.821,0.088,0.015,0.42,23-2
1866,-1223106220,4,5,0.076,10538,800.429,0.085,0.015,0.405,23-2
1875,-127011370,4,1,0.294,12842,3779.964,0.294,0,0,23-2
1875,127011370,4,1,0.33,11081,3651.643,0.33,0,0,23-2
1875,-127011373,4,2,0.259,7630,1974.393,0.252,0.01,0.054,23-2
1875,127011374,4,2,0.289,6771,1959.071,0.266,0.033,0.176,23-2
1881,127876654,4,1,0.259,14202,3676.286,0.259,0,0,23-2
1881,-127876654,4,1,0.275,13965,3838.893,0.275,0,0,23-2
1881,-1267692546,4,2,0.267,16747,4471.679,0.212,0.078,0.523,23-2
1881,1267692544,4,2,0.194,14701,2856.357,0.236,0.059,0.352,23-2
1876,-38685656,4,8,0.175,4027,706.429,0.143,0.023,0.445,23-2
1876,828740650,4,8,0.1,5780,579.321,0.101,0.014,0.429,23-2
1877,-792824735,4,4,0.303,6438,1952.75,0.234,0.046,0.398,23-2
1877,126934123,4,4,0.214,7215,1543.429,0.22,0.052,0.552,23-2
1887,-1035099000,4,4,0.12,4640,555.179,0.132,0.009,0.151,23-2
1887,42606957,4,5,0.144,4661,671.071,0.124,0.016,0.315,23-2
1889,1034904511,4,7,0.287,3806,1093.893,0.212,0.042,0.568,23-2
1889,-1220683796,4,7,0.14,4247,596.393,0.13,0.028,0.673,23-2
1892,-43014340,4,1,0.075,5973,448.75,0.075,0,0,23-2
1892,43014340,4,2,0.2,2693,539.643,0.216,0.022,0.145,23-2
1892,1122953201,4,7,0.147,3729,547.786,0.153,0.038,0.671,23-2
1892,-1215096576,4,7,0.149,4135,616.929,0.124,0.032,0.708,23-2
1892,-1215097245,4,2,0.165,4588,758.107,0.115,0.07,0.863,23-2
1896,1188185300,4,2,0.146,4416,644.679,0.155,0.013,0.119,23-2
1896,-1188275172,4,2,0.199,3613,718.214,0.173,0.036,0.293,23-2
1896,-1188566742,4,3,0.139,3269,453.393,0.176,0.033,0.342,23-2
1896,-1188189641,4,4,0.184,1888,346.821,0.172,0.026,0.344,23-2
1896,43015565,4,3,0.129,4418,569.429,0.114,0.027,0.415,23-2
1896,1188130992,4,5,0.216,1778,384.464,0.164,0.034,0.496,23-2
1896,1188189644,4,4,0.138,2287,315.036,0.122,0.023,0.387,23-2
1896,-1188199470,4,5,0.122,2057,251.143,0.134,0.018,0.332,23-2
1900,1219802629,4,2,0.103,6321,648.036,0.097,0.008,0.117,23-2
1900,-1219802628,4,2,0.103,5886,609.071,0.109,0.008,0.101,23-2
1900,-1219976091,4,7,0.176,5061,889,0.126,0.027,0.652,23-2
1900,1219800873,4,7,0.196,4833,947.429,0.151,0.033,0.591,23-2
1897,-18876285,4,1,0.155,3637,564.464,0.155,0,0,23-2
1897,-1210290245,4,1,0.038,1685,64.857,0.038,0,0,23-2
1897,1076993976,4,3,0.105,7730,813.607,0.134,0.04,0.551,23-2
1897,-1210290261,4,2,0.19,4171,791.607,0.161,0.04,0.355,23-2
1897,-1210290302,4,5,0.207,6383,1320.143,0.148,0.044,0.765,23-2
1897,716561321,4,5,0.192,6277,1204.786,0.151,0.041,0.639,23-2
1118,-18891704,4,2,0.176,5223,920.214,0.176,0,0.003,23-2
1118,1210417022,4,2,0.19,2672,508.357,0.191,0.001,0.009,23-2
1118,864516835,4,2,0.149,5437,809,0.144,0.006,0.06,23-2
1118,-1132808249,4,2,0.356,1398,497.607,0.324,0.045,0.197,23-2
1118,-98321357,4,4,0.177,5033,892.786,0.128,0.037,0.63,23-2
1118,1210392753,4,4,0.125,4464,558.643,0.159,0.044,0.582,23-2
1203,1207244624,4,2,0.076,4592,351.143,0.068,0.012,0.26,23-2
1203,-1207244623,4,2,0.107,6838,731.393,0.107,0.001,0.007,23-2
1203,-1279477019,4,2,0.124,4343,537.857,0.118,0.008,0.094,23-2
1203,-1207243600,4,4,0.087,6089,531.321,0.071,0.012,0.395,23-2
1203,-1238479962,4,2,0.063,5516,349.321,0.066,0.004,0.088,23-2
1203,1238479961,4,2,0.064,4187,269.357,0.064,0.001,0.014,23-2
1203,1279477018,4,3,0.034,6436,221.5,0.032,0.002,0.134,23-2
1203,123389210,4,2,0.116,6408,745.393,0.089,0.038,0.607,23-2
1203,-98359045,4,2,0.069,6832,472.393,0.082,0.018,0.315,23-2
1203,1205641383,4,5,0.089,4605,408.714,0.08,0.007,0.223,23-2
1891,-1146241652,4,5,0.069,2233,155.143,0.076,0.015,0.471,23-2
1891,43028013,4,5,0.061,2039,124.393,0.07,0.015,0.525,23-2